customer_id,email_id,email_sent_date_time,email_view_date_time,cta_id1_click_datetime,cta_id2_click_datetime
1,user1@example.com,1/7/25 1:38,,,
2,user2@example.com,3/15/24 1:24,3/15/24 1:50,,
3,user3@example.com,11/30/24 6:16,,,
4,user4@example.com,1/20/24 17:18,1/20/24 18:57,,
5,user5@example.com,2/27/24 5:12,2/27/24 5:30,2/27/24 5:47,
6,user6@example.com,11/11/24 23:46,11/12/24 1:01,,
7,user7@example.com,3/30/24 15:15,3/30/24 16:37,3/30/24 16:52,3/30/24 16:52
8,user8@example.com,7/3/24 18:54,7/3/24 20:09,7/3/24 20:19,7/3/24 20:31
9,user9@example.com,11/26/24 14:34,11/26/24 15:40,,11/26/24 15:45
10,user10@example.com,2/5/24 11:36,,,
11,user11@example.com,12/29/24 16:02,12/29/24 17:08,,
12,user12@example.com,8/29/24 3:04,8/29/24 4:45,8/29/24 5:05,8/29/24 5:14
13,user13@example.com,2/13/24 22:33,,,
14,user14@example.com,3/9/24 15:11,3/9/24 16:37,3/9/24 16:49,
15,user15@example.com,12/7/24 14:09,12/7/24 15:27,,12/7/24 15:46
16,user16@example.com,6/8/24 16:03,,,
17,user17@example.com,1/26/25 17:14,1/26/25 17:56,,1/26/25 18:21
18,user18@example.com,10/5/24 18:22,10/5/24 19:31,10/5/24 19:34,10/5/24 19:36
19,user19@example.com,4/22/24 5:37,4/22/24 7:25,,4/22/24 7:44
20,user20@example.com,11/12/24 23:07,11/13/24 0:53,11/13/24 0:59,
21,user21@example.com,11/2/24 16:59,,,
22,user22@example.com,11/9/24 7:52,11/9/24 8:50,11/9/24 9:04,11/9/24 9:12
23,user23@example.com,1/23/25 0:58,,,
24,user24@example.com,6/10/24 5:27,6/10/24 7:17,6/10/24 7:39,
25,user25@example.com,5/19/24 2:57,5/19/24 4:52,5/19/24 5:07,5/19/24 4:57
26,user26@example.com,3/4/24 10:14,3/4/24 11:26,,3/4/24 11:33
27,user27@example.com,2/2/24 0:47,2/2/24 2:26,2/2/24 2:27,2/2/24 2:43
28,user28@example.com,12/4/24 10:18,12/4/24 10:27,,12/4/24 10:44
29,user29@example.com,12/5/24 3:21,12/5/24 5:07,12/5/24 5:17,12/5/24 5:30
30,user30@example.com,12/24/24 8:50,12/24/24 10:33,12/24/24 10:50,
31,user31@example.com,11/26/24 7:18,11/26/24 9:03,11/26/24 9:27,11/26/24 9:11
32,user32@example.com,12/22/24 14:14,12/22/24 14:59,12/22/24 15:13,
33,user33@example.com,2/11/24 11:32,2/11/24 13:12,,2/11/24 13:19
34,user34@example.com,1/25/25 0:50,1/25/25 0:59,,1/25/25 1:00
35,user35@example.com,9/11/24 9:10,9/11/24 10:59,9/11/24 11:15,9/11/24 11:08
36,user36@example.com,1/16/24 11:59,1/16/24 12:13,,1/16/24 12:33
37,user37@example.com,5/11/24 16:50,5/11/24 17:11,5/11/24 17:14,5/11/24 17:41
38,user38@example.com,1/1/25 16:08,1/1/25 16:19,,1/1/25 16:44
39,user39@example.com,1/23/24 17:37,1/23/24 18:03,1/23/24 18:29,
40,user40@example.com,1/8/25 12:10,1/8/25 12:23,1/8/25 12:28,1/8/25 12:50
41,user41@example.com,11/9/24 13:22,11/9/24 14:48,11/9/24 15:12,11/9/24 14:54
42,user42@example.com,5/9/24 19:48,5/9/24 19:57,5/9/24 20:07,
43,user43@example.com,10/1/24 12:11,10/1/24 13:32,10/1/24 13:53,10/1/24 13:33
44,user44@example.com,10/21/24 9:33,,,
45,user45@example.com,1/11/24 12:51,1/11/24 14:32,,1/11/24 14:41
46,user46@example.com,10/3/24 21:00,10/3/24 21:52,10/3/24 22:11,10/3/24 22:18
47,user47@example.com,5/31/24 13:30,,,
48,user48@example.com,1/11/25 22:09,1/11/25 23:57,,
49,user49@example.com,12/10/24 12:51,12/10/24 13:08,,
50,user50@example.com,2/17/25 19:25,2/17/25 19:31,,2/17/25 19:41
51,user51@example.com,2/10/25 12:04,,,
52,user52@example.com,2/7/25 3:55,,,
53,user53@example.com,7/28/24 8:23,7/28/24 8:47,,7/28/24 9:03
54,user54@example.com,10/17/24 18:47,10/17/24 19:32,10/17/24 19:36,10/17/24 19:38
55,user55@example.com,2/4/24 13:02,2/4/24 14:29,,
56,user56@example.com,1/16/24 6:56,1/16/24 7:14,1/16/24 7:37,1/16/24 7:22
57,user57@example.com,1/17/25 21:37,1/17/25 23:02,1/17/25 23:29,1/17/25 23:31
58,user58@example.com,12/10/24 3:11,12/10/24 3:20,12/10/24 3:47,
59,user59@example.com,3/3/24 23:46,3/4/24 1:28,3/4/24 1:32,
60,user60@example.com,12/30/24 6:09,12/30/24 8:04,12/30/24 8:26,
61,user61@example.com,2/9/24 19:41,2/9/24 20:39,,2/9/24 21:07
62,user62@example.com,1/7/25 2:18,1/7/25 3:36,,1/7/25 3:51
63,user63@example.com,4/6/24 15:25,,,
64,user64@example.com,1/26/24 5:13,1/26/24 5:37,,1/26/24 6:03
65,user65@example.com,1/25/25 10:37,,,
66,user66@example.com,1/3/24 0:35,1/3/24 1:08,,1/3/24 1:22
67,user67@example.com,1/17/25 22:59,1/17/25 23:18,,1/17/25 23:48
68,user68@example.com,2/14/25 7:50,,,
69,user69@example.com,2/10/25 3:10,2/10/25 3:44,2/10/25 3:55,
70,user70@example.com,12/1/24 15:23,,,
71,user71@example.com,12/10/24 6:00,12/10/24 7:45,12/10/24 8:01,12/10/24 7:52
72,user72@example.com,11/1/24 7:31,11/1/24 8:51,11/1/24 9:15,
73,user73@example.com,2/14/24 15:25,,,
74,user74@example.com,3/29/24 21:16,3/29/24 21:50,,3/29/24 22:16
75,user75@example.com,3/11/24 4:17,,,
76,user76@example.com,1/21/25 2:54,1/21/25 4:27,,1/21/25 4:40
77,user77@example.com,4/25/24 1:57,,,
78,user78@example.com,2/5/25 5:10,2/5/25 6:32,2/5/25 6:55,
79,user79@example.com,6/16/24 9:46,,,
80,user80@example.com,3/5/24 10:46,,,
81,user81@example.com,10/12/24 9:01,10/12/24 9:53,,10/12/24 10:11
82,user82@example.com,7/23/24 13:55,,,
83,user83@example.com,1/7/25 20:23,1/7/25 20:33,,1/7/25 20:48
84,user84@example.com,8/30/24 13:36,8/30/24 15:02,8/30/24 15:03,8/30/24 15:10
85,user85@example.com,8/24/24 3:25,8/24/24 4:49,,8/24/24 5:11
86,user86@example.com,12/11/24 4:47,12/11/24 5:33,,
87,user87@example.com,3/7/24 14:02,3/7/24 14:35,,3/7/24 15:04
88,user88@example.com,1/21/25 0:31,1/21/25 1:21,1/21/25 1:51,1/21/25 1:33
89,user89@example.com,11/2/24 0:30,11/2/24 2:00,11/2/24 2:17,11/2/24 2:16
90,user90@example.com,2/2/24 10:45,2/2/24 11:00,2/2/24 11:10,
91,user91@example.com,1/26/25 23:39,1/27/25 0:30,1/27/25 0:41,
92,user92@example.com,9/22/24 3:08,9/22/24 3:55,,9/22/24 4:02
93,user93@example.com,6/30/24 0:26,,,
94,user94@example.com,2/3/25 15:52,,,
95,user95@example.com,4/15/24 1:57,4/15/24 3:57,,4/15/24 4:08
96,user96@example.com,7/26/24 20:01,7/26/24 21:05,7/26/24 21:09,
97,user97@example.com,1/20/25 11:37,1/20/25 11:51,,
98,user98@example.com,7/28/24 15:17,7/28/24 16:28,,7/28/24 16:30
99,user99@example.com,5/24/24 10:59,,,
100,user100@example.com,6/22/24 16:10,6/22/24 17:49,6/22/24 18:10,6/22/24 17:51
101,user101@example.com,3/19/24 12:45,3/19/24 13:04,3/19/24 13:23,3/19/24 13:25
102,user102@example.com,1/3/25 15:12,1/3/25 16:08,,1/3/25 16:11
103,user103@example.com,2/5/25 1:43,2/5/25 2:21,,2/5/25 2:36
104,user104@example.com,3/10/24 9:12,3/10/24 9:33,,3/10/24 9:46
105,user105@example.com,9/25/24 5:07,9/25/24 5:54,9/25/24 6:13,9/25/24 6:09
106,user106@example.com,10/27/24 22:14,,,
107,user107@example.com,9/27/24 0:34,9/27/24 1:12,9/27/24 1:13,9/27/24 1:31
108,user108@example.com,9/4/24 10:17,9/4/24 10:43,,9/4/24 10:51
109,user109@example.com,8/23/24 2:56,,,
110,user110@example.com,3/24/24 5:27,3/24/24 5:56,,3/24/24 6:13
111,user111@example.com,1/22/25 3:39,1/22/25 4:41,,1/22/25 4:43
112,user112@example.com,10/14/24 12:31,10/14/24 13:46,10/14/24 14:11,
113,user113@example.com,3/25/24 19:10,3/25/24 20:00,,3/25/24 20:02
114,user114@example.com,8/24/24 14:51,,,
115,user115@example.com,6/13/24 1:57,6/13/24 3:50,6/13/24 4:12,
116,user116@example.com,1/26/25 19:15,1/26/25 19:29,1/26/25 19:51,1/26/25 19:50
117,user117@example.com,1/20/25 11:04,,,
118,user118@example.com,2/3/24 1:34,2/3/24 1:38,2/3/24 1:43,2/3/24 1:40
119,user119@example.com,1/1/25 6:42,1/1/25 7:32,,
120,user120@example.com,1/24/25 13:37,1/24/25 15:12,1/24/25 15:32,
121,user121@example.com,4/13/24 22:56,4/13/24 23:52,,4/14/24 0:22
122,user122@example.com,3/14/24 16:31,3/14/24 18:23,,
123,user123@example.com,5/25/24 3:50,5/25/24 4:23,,5/25/24 4:37
124,user124@example.com,2/6/24 12:43,2/6/24 13:54,2/6/24 14:19,2/6/24 14:09
125,user125@example.com,1/6/24 7:28,,,
126,user126@example.com,7/31/24 15:13,,,
127,user127@example.com,7/6/24 22:06,7/6/24 22:48,,7/6/24 23:05
128,user128@example.com,1/30/25 8:45,,,
129,user129@example.com,7/1/24 5:42,7/1/24 6:59,7/1/24 7:26,7/1/24 7:17
130,user130@example.com,9/8/24 23:36,9/9/24 0:45,,9/9/24 0:48
131,user131@example.com,11/17/24 5:36,11/17/24 6:53,11/17/24 6:55,11/17/24 6:57
132,user132@example.com,12/14/24 16:22,,,
133,user133@example.com,8/9/24 20:00,8/9/24 20:31,,8/9/24 20:47
134,user134@example.com,1/8/25 7:37,1/8/25 8:21,1/8/25 8:39,1/8/25 8:41
135,user135@example.com,2/12/25 23:18,,,
136,user136@example.com,2/15/24 6:48,2/15/24 7:11,,2/15/24 7:19
137,user137@example.com,5/15/24 23:42,5/16/24 0:05,5/16/24 0:33,
138,user138@example.com,7/11/24 14:54,7/11/24 15:30,7/11/24 15:44,7/11/24 15:56
139,user139@example.com,4/23/24 6:40,4/23/24 7:24,,
140,user140@example.com,7/26/24 13:45,,,
141,user141@example.com,5/20/24 5:35,,,
142,user142@example.com,5/28/24 8:39,5/28/24 8:50,,5/28/24 8:57
143,user143@example.com,8/21/24 20:27,8/21/24 21:12,,8/21/24 21:24
144,user144@example.com,12/22/24 22:52,12/23/24 0:00,,12/23/24 0:28
145,user145@example.com,8/1/24 9:39,8/1/24 9:46,,8/1/24 9:55
146,user146@example.com,1/25/24 8:54,1/25/24 10:47,1/25/24 11:08,1/25/24 11:04
147,user147@example.com,2/3/25 14:30,2/3/25 16:00,2/3/25 16:06,2/3/25 16:11
148,user148@example.com,4/24/24 21:38,4/24/24 22:06,,4/24/24 22:30
149,user149@example.com,10/22/24 19:04,10/22/24 20:49,10/22/24 21:11,10/22/24 20:58
150,user150@example.com,2/12/25 6:59,,,
151,user151@example.com,7/24/24 19:21,7/24/24 20:31,7/24/24 20:39,
152,user152@example.com,9/27/24 12:18,9/27/24 12:21,,9/27/24 12:42
153,user153@example.com,8/8/24 9:25,,,
154,user154@example.com,3/25/24 21:58,3/25/24 23:51,3/25/24 23:59,3/25/24 23:58
155,user155@example.com,4/11/24 8:53,,,
156,user156@example.com,2/21/25 10:29,2/21/25 12:29,,2/21/25 12:40
157,user157@example.com,1/10/25 2:18,1/10/25 4:02,1/10/25 4:17,1/10/25 4:14
158,user158@example.com,10/27/24 22:43,10/28/24 0:05,,10/28/24 0:35
159,user159@example.com,8/17/24 8:33,8/17/24 10:09,,
160,user160@example.com,7/7/24 15:01,7/7/24 15:51,7/7/24 16:17,7/7/24 16:02
161,user161@example.com,11/15/24 6:21,11/15/24 6:46,11/15/24 6:56,
162,user162@example.com,1/10/25 21:10,1/10/25 21:17,,1/10/25 21:33
163,user163@example.com,2/23/24 1:00,2/23/24 1:36,2/23/24 2:00,2/23/24 1:48
164,user164@example.com,8/28/24 11:33,8/28/24 11:38,8/28/24 12:08,8/28/24 11:54
165,user165@example.com,2/9/24 17:08,2/9/24 19:07,,
166,user166@example.com,4/17/24 11:49,4/17/24 12:32,,4/17/24 12:47
167,user167@example.com,4/11/24 0:30,4/11/24 0:58,4/11/24 1:16,4/11/24 1:20
168,user168@example.com,3/28/24 10:54,3/28/24 12:13,,3/28/24 12:22
169,user169@example.com,12/1/24 15:13,12/1/24 15:14,,12/1/24 15:17
170,user170@example.com,10/26/24 7:11,10/26/24 7:56,,
171,user171@example.com,10/23/24 11:53,,,
172,user172@example.com,10/27/24 14:39,10/27/24 14:46,,10/27/24 15:09
173,user173@example.com,12/13/24 16:08,12/13/24 16:22,12/13/24 16:28,12/13/24 16:39
174,user174@example.com,3/7/24 3:41,3/7/24 3:54,,3/7/24 4:15
175,user175@example.com,6/30/24 7:27,,,
176,user176@example.com,5/2/24 4:57,,,
177,user177@example.com,5/26/24 7:54,5/26/24 8:29,,
178,user178@example.com,10/10/24 19:04,10/10/24 20:39,,10/10/24 20:41
179,user179@example.com,2/18/24 19:54,2/18/24 21:48,,2/18/24 21:52
180,user180@example.com,12/23/24 16:51,12/23/24 17:10,,12/23/24 17:33
181,user181@example.com,6/11/24 14:35,6/11/24 16:35,,6/11/24 16:43
182,user182@example.com,6/14/24 17:17,,,
183,user183@example.com,11/22/24 11:41,11/22/24 12:33,,11/22/24 12:42
184,user184@example.com,6/21/24 19:41,6/21/24 20:28,,6/21/24 20:30
185,user185@example.com,7/4/24 1:24,7/4/24 2:07,,7/4/24 2:16
186,user186@example.com,12/21/24 4:47,,,
187,user187@example.com,5/19/24 7:08,5/19/24 8:31,5/19/24 8:37,5/19/24 8:57
188,user188@example.com,9/13/24 5:44,9/13/24 6:08,,
189,user189@example.com,5/6/24 19:57,5/6/24 20:52,5/6/24 21:05,5/6/24 21:01
190,user190@example.com,4/22/24 23:25,4/22/24 23:42,,4/22/24 23:58
191,user191@example.com,3/2/24 11:34,,,
192,user192@example.com,10/24/24 8:41,,,
193,user193@example.com,3/24/24 15:05,,,
194,user194@example.com,11/7/24 21:29,11/7/24 23:28,,11/7/24 23:37
195,user195@example.com,7/16/24 10:50,7/16/24 12:01,7/16/24 12:22,7/16/24 12:09
196,user196@example.com,1/31/25 9:12,1/31/25 10:39,1/31/25 10:51,1/31/25 10:45
197,user197@example.com,9/14/24 3:13,9/14/24 4:43,9/14/24 4:48,9/14/24 5:00
198,user198@example.com,4/4/24 9:57,,,
199,user199@example.com,4/7/24 6:38,,,
200,user200@example.com,5/27/24 11:03,5/27/24 12:11,5/27/24 12:35,5/27/24 12:28
201,user201@example.com,9/13/24 2:01,,,
202,user202@example.com,1/26/24 23:18,1/27/24 0:43,,1/27/24 0:45
203,user203@example.com,1/22/24 18:05,1/22/24 19:10,1/22/24 19:16,1/22/24 19:31
204,user204@example.com,7/23/24 14:21,7/23/24 15:18,,7/23/24 15:32
205,user205@example.com,10/26/24 12:28,,,
206,user206@example.com,6/22/24 8:45,6/22/24 10:35,,6/22/24 10:45
207,user207@example.com,12/11/24 23:07,12/11/24 23:39,12/12/24 0:03,12/11/24 23:54
208,user208@example.com,6/8/24 2:50,6/8/24 4:21,6/8/24 4:39,6/8/24 4:24
209,user209@example.com,6/19/24 19:07,6/19/24 19:13,6/19/24 19:33,
210,user210@example.com,5/25/24 23:42,,,
211,user211@example.com,1/27/25 18:14,,,
212,user212@example.com,8/10/24 10:53,8/10/24 11:55,,8/10/24 12:25
213,user213@example.com,3/11/24 21:11,3/11/24 21:37,3/11/24 21:44,3/11/24 21:46
214,user214@example.com,12/4/24 17:01,12/4/24 18:54,12/4/24 18:59,12/4/24 19:13
215,user215@example.com,8/12/24 4:44,,,
216,user216@example.com,8/30/24 14:55,8/30/24 16:51,8/30/24 17:07,8/30/24 16:55
217,user217@example.com,5/9/24 7:42,5/9/24 9:09,,
218,user218@example.com,11/27/24 19:12,11/27/24 19:29,,
219,user219@example.com,12/12/24 23:42,12/13/24 1:30,,12/13/24 1:38
220,user220@example.com,1/15/24 20:28,,,
221,user221@example.com,1/2/25 16:19,1/2/25 16:30,,1/2/25 16:40
222,user222@example.com,1/5/24 16:22,1/5/24 17:21,1/5/24 17:30,1/5/24 17:26
223,user223@example.com,4/28/24 5:22,4/28/24 6:18,4/28/24 6:43,
224,user224@example.com,5/15/24 6:21,,,
225,user225@example.com,2/19/25 0:13,,,
226,user226@example.com,5/31/24 15:58,5/31/24 16:22,5/31/24 16:42,
227,user227@example.com,1/23/25 8:21,1/23/25 8:34,1/23/25 8:50,1/23/25 8:39
228,user228@example.com,4/3/24 3:38,4/3/24 4:37,,4/3/24 5:00
229,user229@example.com,9/17/24 17:38,9/17/24 17:54,,9/17/24 18:24
230,user230@example.com,1/9/24 8:57,1/9/24 10:30,,1/9/24 10:35
231,user231@example.com,1/11/25 11:43,1/11/25 13:21,,1/11/25 13:43
232,user232@example.com,3/11/24 5:18,3/11/24 6:32,,3/11/24 6:46
233,user233@example.com,4/12/24 16:20,4/12/24 17:59,4/12/24 18:06,4/12/24 18:09
234,user234@example.com,10/19/24 2:11,,,
235,user235@example.com,5/23/24 17:00,5/23/24 17:45,,
236,user236@example.com,2/11/25 16:21,,,
237,user237@example.com,3/24/24 17:01,3/24/24 17:38,3/24/24 17:45,3/24/24 18:08
238,user238@example.com,12/4/24 4:02,12/4/24 5:34,,12/4/24 5:57
239,user239@example.com,12/17/24 9:58,12/17/24 11:57,,12/17/24 12:09
240,user240@example.com,1/24/24 19:25,1/24/24 19:56,,1/24/24 20:09
241,user241@example.com,1/12/25 14:13,1/12/25 16:13,,1/12/25 16:29
242,user242@example.com,7/21/24 14:46,,,
243,user243@example.com,6/25/24 1:36,6/25/24 2:37,6/25/24 2:53,6/25/24 2:55
244,user244@example.com,4/17/24 13:24,,,
245,user245@example.com,10/6/24 14:41,10/6/24 16:07,10/6/24 16:22,10/6/24 16:15
246,user246@example.com,5/18/24 4:23,,,
247,user247@example.com,1/22/24 17:48,1/22/24 19:28,,
248,user248@example.com,3/4/24 9:26,3/4/24 11:01,,3/4/24 11:26
249,user249@example.com,5/30/24 17:51,5/30/24 17:54,5/30/24 18:02,5/30/24 17:56
250,user250@example.com,5/30/24 6:21,5/30/24 7:26,,5/30/24 7:48
251,user251@example.com,5/30/24 8:54,5/30/24 10:53,,5/30/24 11:12
252,user252@example.com,3/14/24 21:03,,,
253,user253@example.com,7/20/24 21:32,7/20/24 22:00,7/20/24 22:17,7/20/24 22:15
254,user254@example.com,8/6/24 20:05,8/6/24 21:10,,8/6/24 21:18
255,user255@example.com,11/20/24 6:43,,,
256,user256@example.com,5/3/24 8:44,5/3/24 9:54,5/3/24 10:20,5/3/24 10:14
257,user257@example.com,2/20/24 17:12,2/20/24 17:40,,
258,user258@example.com,7/7/24 8:30,7/7/24 9:56,,7/7/24 10:19
259,user259@example.com,2/6/24 14:40,2/6/24 15:21,,2/6/24 15:23
260,user260@example.com,1/1/25 19:28,,,
261,user261@example.com,1/16/25 3:28,1/16/25 4:37,,
262,user262@example.com,7/28/24 17:01,7/28/24 17:13,7/28/24 17:39,7/28/24 17:21
263,user263@example.com,2/27/24 4:27,,,
264,user264@example.com,12/26/24 3:24,12/26/24 5:14,,12/26/24 5:16
265,user265@example.com,4/2/24 3:48,4/2/24 5:05,,4/2/24 5:30
266,user266@example.com,1/9/24 3:09,,,
267,user267@example.com,10/2/24 2:53,10/2/24 3:55,10/2/24 4:08,10/2/24 3:59
268,user268@example.com,2/28/25 1:21,2/28/25 1:49,,
269,user269@example.com,12/3/24 3:16,12/3/24 5:06,,12/3/24 5:14
270,user270@example.com,4/24/24 3:29,4/24/24 4:12,4/24/24 4:31,
271,user271@example.com,1/6/25 12:26,1/6/25 13:50,1/6/25 13:58,1/6/25 14:05
272,user272@example.com,1/31/24 17:04,1/31/24 17:40,1/31/24 17:47,
273,user273@example.com,1/18/24 4:41,1/18/24 5:09,,1/18/24 5:22
274,user274@example.com,1/31/24 17:59,1/31/24 18:49,,1/31/24 19:04
275,user275@example.com,12/31/24 2:31,12/31/24 3:07,12/31/24 3:35,12/31/24 3:15
276,user276@example.com,1/14/24 5:03,1/14/24 6:10,1/14/24 6:23,
277,user277@example.com,1/31/24 8:33,1/31/24 8:56,1/31/24 9:05,1/31/24 9:14
278,user278@example.com,3/26/24 16:13,,,
279,user279@example.com,2/11/24 2:28,,,
280,user280@example.com,6/10/24 20:35,6/10/24 21:41,6/10/24 22:05,6/10/24 21:56
281,user281@example.com,7/15/24 0:23,7/15/24 1:05,,
282,user282@example.com,3/13/24 21:21,,,
283,user283@example.com,5/27/24 20:49,5/27/24 21:52,,5/27/24 21:56
284,user284@example.com,10/24/24 20:32,10/24/24 20:52,10/24/24 20:59,
285,user285@example.com,9/2/24 9:58,9/2/24 11:07,,9/2/24 11:12
286,user286@example.com,7/23/24 5:28,7/23/24 6:23,,7/23/24 6:29
287,user287@example.com,1/20/24 18:37,1/20/24 19:41,1/20/24 20:06,1/20/24 20:07
288,user288@example.com,11/11/24 13:34,,,
289,user289@example.com,12/28/24 6:52,,,
290,user290@example.com,10/5/24 11:23,10/5/24 12:26,,10/5/24 12:32
291,user291@example.com,1/17/25 9:17,1/17/25 10:48,,
292,user292@example.com,5/2/24 15:58,5/2/24 16:02,,5/2/24 16:18
293,user293@example.com,5/27/24 16:08,,,
294,user294@example.com,4/4/24 6:57,,,
295,user295@example.com,10/3/24 20:46,10/3/24 22:24,10/3/24 22:28,10/3/24 22:38
296,user296@example.com,7/22/24 18:20,7/22/24 18:49,7/22/24 19:04,
297,user297@example.com,10/13/24 1:32,10/13/24 2:34,10/13/24 2:49,
298,user298@example.com,2/20/25 2:07,2/20/25 2:55,,2/20/25 3:02
299,user299@example.com,8/11/24 23:03,,,
300,user300@example.com,12/15/24 0:23,12/15/24 0:47,12/15/24 0:57,
301,user301@example.com,6/22/24 23:01,6/22/24 23:24,6/22/24 23:48,
302,user302@example.com,5/6/24 21:06,5/6/24 21:26,,5/6/24 21:41
303,user303@example.com,11/22/24 13:32,11/22/24 13:52,,
304,user304@example.com,4/27/24 7:11,4/27/24 8:31,,
305,user305@example.com,4/27/24 16:43,4/27/24 17:26,4/27/24 17:37,4/27/24 17:53
306,user306@example.com,3/22/24 0:41,3/22/24 0:52,3/22/24 1:15,3/22/24 1:11
307,user307@example.com,12/20/24 19:20,12/20/24 21:19,12/20/24 21:36,
308,user308@example.com,12/23/24 19:45,12/23/24 20:36,,
309,user309@example.com,10/14/24 23:02,10/14/24 23:38,10/15/24 0:00,
310,user310@example.com,10/1/24 15:24,10/1/24 17:18,,10/1/24 17:29
311,user311@example.com,7/29/24 0:33,,,
312,user312@example.com,5/4/24 20:13,,,
313,user313@example.com,2/7/25 8:26,,,
314,user314@example.com,6/23/24 22:22,6/23/24 23:19,,6/23/24 23:26
315,user315@example.com,4/24/24 5:46,4/24/24 6:45,,4/24/24 6:50
316,user316@example.com,7/1/24 3:42,7/1/24 4:06,,7/1/24 4:14
317,user317@example.com,1/7/24 21:46,1/7/24 21:55,,1/7/24 22:13
318,user318@example.com,2/21/24 12:21,2/21/24 14:14,2/21/24 14:39,
319,user319@example.com,1/25/25 19:38,1/25/25 19:47,,1/25/25 20:04
320,user320@example.com,1/2/24 7:59,1/2/24 9:45,,
321,user321@example.com,10/7/24 10:55,10/7/24 11:09,10/7/24 11:19,
322,user322@example.com,10/20/24 9:00,10/20/24 10:34,,
323,user323@example.com,1/10/24 22:21,1/10/24 23:09,,1/10/24 23:34
324,user324@example.com,10/23/24 23:51,10/24/24 0:44,10/24/24 1:01,10/24/24 0:46
325,user325@example.com,2/27/24 13:04,2/27/24 13:10,,2/27/24 13:24
326,user326@example.com,1/23/24 15:33,1/23/24 16:19,1/23/24 16:38,1/23/24 16:30
327,user327@example.com,11/23/24 9:06,11/23/24 9:07,11/23/24 9:36,11/23/24 9:28
328,user328@example.com,5/2/24 16:35,5/2/24 18:35,5/2/24 18:47,
329,user329@example.com,9/12/24 13:09,9/12/24 15:02,,9/12/24 15:26
330,user330@example.com,2/6/25 3:00,2/6/25 3:46,2/6/25 4:07,2/6/25 3:55
331,user331@example.com,9/30/24 16:11,9/30/24 16:30,9/30/24 16:39,9/30/24 16:45
332,user332@example.com,3/3/24 20:38,3/3/24 20:58,3/3/24 21:19,3/3/24 20:59
333,user333@example.com,2/6/25 12:09,2/6/25 12:37,2/6/25 12:44,
334,user334@example.com,2/10/24 16:25,2/10/24 17:19,2/10/24 17:37,2/10/24 17:22
335,user335@example.com,2/3/25 3:21,2/3/25 3:56,2/3/25 3:59,2/3/25 4:25
336,user336@example.com,12/7/24 2:24,12/7/24 3:02,12/7/24 3:24,12/7/24 3:12
337,user337@example.com,9/8/24 3:43,9/8/24 4:54,9/8/24 5:14,9/8/24 5:11
338,user338@example.com,1/8/25 23:45,1/9/25 1:00,1/9/25 1:16,
339,user339@example.com,10/21/24 16:54,,,
340,user340@example.com,9/26/24 19:38,,,
341,user341@example.com,1/27/24 0:03,,,
342,user342@example.com,12/13/24 11:24,12/13/24 11:46,12/13/24 12:16,12/13/24 11:55
343,user343@example.com,6/19/24 2:57,6/19/24 4:11,6/19/24 4:32,6/19/24 4:26
344,user344@example.com,5/5/24 9:35,5/5/24 10:27,,5/5/24 10:35
345,user345@example.com,12/10/24 13:07,12/10/24 13:10,,12/10/24 13:33
346,user346@example.com,3/4/24 0:06,3/4/24 1:14,3/4/24 1:22,3/4/24 1:44
347,user347@example.com,1/22/25 22:43,1/22/25 23:26,1/22/25 23:45,1/22/25 23:47
348,user348@example.com,4/23/24 7:25,,,
349,user349@example.com,1/2/24 15:45,1/2/24 16:34,,1/2/24 16:37
350,user350@example.com,6/26/24 1:22,,,
351,user351@example.com,8/10/24 8:25,8/10/24 8:47,8/10/24 9:15,
352,user352@example.com,5/30/24 13:33,,,
353,user353@example.com,12/24/24 5:27,12/24/24 6:37,12/24/24 7:00,12/24/24 6:48
354,user354@example.com,1/10/24 16:58,1/10/24 17:06,1/10/24 17:22,
355,user355@example.com,4/10/24 18:09,4/10/24 19:05,,4/10/24 19:13
356,user356@example.com,8/5/24 10:20,8/5/24 10:25,8/5/24 10:54,8/5/24 10:40
357,user357@example.com,7/16/24 14:05,7/16/24 14:22,7/16/24 14:52,7/16/24 14:35
358,user358@example.com,6/22/24 23:51,6/23/24 0:00,,6/23/24 0:05
359,user359@example.com,2/8/25 10:23,2/8/25 11:53,,2/8/25 12:18
360,user360@example.com,5/9/24 8:10,5/9/24 9:33,,5/9/24 9:37
361,user361@example.com,1/23/25 23:28,1/23/25 23:29,,1/23/25 23:40
362,user362@example.com,2/22/25 11:09,,,
363,user363@example.com,6/3/24 2:25,6/3/24 3:21,6/3/24 3:22,6/3/24 3:25
364,user364@example.com,2/8/25 16:01,2/8/25 17:33,,2/8/25 18:02
365,user365@example.com,9/27/24 20:38,9/27/24 21:18,,9/27/24 21:19
366,user366@example.com,2/16/25 20:29,2/16/25 21:15,,
367,user367@example.com,8/21/24 18:08,,,
368,user368@example.com,1/21/24 13:29,1/21/24 14:53,1/21/24 15:17,
369,user369@example.com,9/29/24 23:27,9/30/24 0:57,9/30/24 1:10,9/30/24 1:06
370,user370@example.com,10/6/24 12:32,,,
371,user371@example.com,1/30/24 11:13,1/30/24 11:20,1/30/24 11:30,1/30/24 11:33
372,user372@example.com,1/25/24 23:14,1/25/24 23:26,1/25/24 23:35,1/25/24 23:30
373,user373@example.com,8/12/24 23:49,,,
374,user374@example.com,6/9/24 1:49,6/9/24 2:40,6/9/24 2:41,6/9/24 2:47
375,user375@example.com,12/22/24 12:14,,,
376,user376@example.com,3/9/24 15:35,3/9/24 17:32,,
377,user377@example.com,2/17/25 21:39,2/17/25 22:53,,2/17/25 23:14
378,user378@example.com,2/23/24 23:44,2/24/24 0:54,2/24/24 1:13,2/24/24 1:20
379,user379@example.com,8/20/24 6:31,8/20/24 8:19,8/20/24 8:44,8/20/24 8:37
380,user380@example.com,1/11/25 4:37,1/11/25 6:25,,1/11/25 6:39
381,user381@example.com,3/10/24 19:22,3/10/24 20:50,3/10/24 21:01,3/10/24 20:57
382,user382@example.com,7/14/24 17:53,7/14/24 18:11,,7/14/24 18:22
383,user383@example.com,12/1/24 12:08,12/1/24 13:02,12/1/24 13:18,12/1/24 13:31
384,user384@example.com,1/6/24 19:33,,,
385,user385@example.com,2/24/25 0:19,2/24/25 1:34,,
386,user386@example.com,4/6/24 15:05,4/6/24 16:22,4/6/24 16:23,4/6/24 16:52
387,user387@example.com,6/3/24 7:48,6/3/24 8:16,6/3/24 8:43,
388,user388@example.com,11/30/24 15:20,,,
389,user389@example.com,10/12/24 18:11,,,
390,user390@example.com,8/19/24 21:25,8/19/24 22:48,,8/19/24 23:09
391,user391@example.com,4/9/24 9:58,4/9/24 10:11,4/9/24 10:38,
392,user392@example.com,1/5/24 21:59,1/5/24 23:52,1/6/24 0:01,1/6/24 0:06
393,user393@example.com,2/19/24 13:32,2/19/24 14:25,,2/19/24 14:38
394,user394@example.com,8/5/24 3:39,8/5/24 5:12,8/5/24 5:37,8/5/24 5:14
395,user395@example.com,2/3/24 8:53,2/3/24 9:37,,2/3/24 9:42
396,user396@example.com,5/26/24 3:33,5/26/24 5:23,,5/26/24 5:41
397,user397@example.com,1/10/25 9:13,1/10/25 10:28,1/10/25 10:33,
398,user398@example.com,8/12/24 20:48,8/12/24 22:26,,8/12/24 22:31
399,user399@example.com,5/5/24 18:52,5/5/24 20:33,5/5/24 20:59,
400,user400@example.com,4/21/24 7:48,4/21/24 8:08,,4/21/24 8:09
401,user401@example.com,7/13/24 3:24,7/13/24 3:37,7/13/24 3:43,7/13/24 3:49
402,user402@example.com,11/14/24 14:22,11/14/24 14:41,,11/14/24 14:52
403,user403@example.com,12/8/24 7:43,12/8/24 8:21,,
404,user404@example.com,1/5/24 1:03,1/5/24 1:52,,
405,user405@example.com,12/12/24 1:56,12/12/24 3:31,,
406,user406@example.com,11/22/24 2:23,11/22/24 2:48,11/22/24 2:54,11/22/24 2:55
407,user407@example.com,6/19/24 19:17,6/19/24 20:43,,6/19/24 20:55
408,user408@example.com,1/31/25 15:43,1/31/25 16:29,,1/31/25 16:38
409,user409@example.com,1/20/24 0:36,1/20/24 1:09,1/20/24 1:17,1/20/24 1:23
410,user410@example.com,8/7/24 23:20,8/8/24 0:36,8/8/24 0:45,8/8/24 0:38
411,user411@example.com,12/5/24 19:22,12/5/24 21:17,,12/5/24 21:33
412,user412@example.com,3/25/24 0:45,3/25/24 2:23,,3/25/24 2:40
413,user413@example.com,12/20/24 1:55,12/20/24 3:02,,12/20/24 3:11
414,user414@example.com,2/16/25 18:09,2/16/25 18:31,2/16/25 19:01,2/16/25 18:41
415,user415@example.com,11/26/24 10:55,11/26/24 12:36,11/26/24 12:58,
416,user416@example.com,7/11/24 4:31,7/11/24 4:43,,7/11/24 4:54
417,user417@example.com,2/22/24 6:52,2/22/24 6:59,2/22/24 7:01,
418,user418@example.com,4/24/24 9:34,4/24/24 11:13,,4/24/24 11:16
419,user419@example.com,11/8/24 6:55,11/8/24 8:27,11/8/24 8:42,11/8/24 8:35
420,user420@example.com,1/18/24 7:07,1/18/24 8:20,1/18/24 8:42,1/18/24 8:45
421,user421@example.com,11/25/24 7:31,11/25/24 7:34,,11/25/24 8:04
422,user422@example.com,3/25/24 23:39,3/26/24 0:34,,3/26/24 0:49
423,user423@example.com,2/6/24 0:31,,,
424,user424@example.com,1/29/24 9:45,1/29/24 10:22,,1/29/24 10:24
425,user425@example.com,5/2/24 10:36,5/2/24 12:11,5/2/24 12:29,5/2/24 12:25
426,user426@example.com,2/4/25 23:40,2/5/25 0:53,2/5/25 1:12,
427,user427@example.com,2/18/24 12:51,2/18/24 13:35,2/18/24 13:39,2/18/24 13:37
428,user428@example.com,8/8/24 20:25,8/8/24 21:39,,
429,user429@example.com,6/17/24 4:36,6/17/24 5:43,,
430,user430@example.com,7/18/24 6:46,,,
431,user431@example.com,8/4/24 3:37,8/4/24 4:33,8/4/24 5:00,8/4/24 4:48
432,user432@example.com,9/28/24 11:57,9/28/24 12:05,9/28/24 12:30,9/28/24 12:12
433,user433@example.com,3/28/24 13:32,3/28/24 15:03,3/28/24 15:04,3/28/24 15:30
434,user434@example.com,1/23/24 14:15,,,
435,user435@example.com,3/2/24 6:20,3/2/24 8:07,,
436,user436@example.com,7/15/24 5:45,7/15/24 6:54,,
437,user437@example.com,1/15/24 21:49,1/15/24 21:52,1/15/24 21:53,
438,user438@example.com,6/16/24 0:30,6/16/24 0:54,,6/16/24 1:08
439,user439@example.com,1/9/25 1:23,,,
440,user440@example.com,2/22/24 19:40,2/22/24 20:14,2/22/24 20:28,2/22/24 20:17
441,user441@example.com,1/15/24 18:31,1/15/24 18:42,,1/15/24 18:54
442,user442@example.com,1/4/24 2:04,1/4/24 3:17,,1/4/24 3:30
443,user443@example.com,2/13/24 16:54,2/13/24 17:48,,
444,user444@example.com,1/18/25 8:37,1/18/25 8:40,1/18/25 8:44,1/18/25 8:44
445,user445@example.com,9/20/24 8:26,,,
446,user446@example.com,1/31/25 23:13,,,
447,user447@example.com,12/6/24 15:11,,,
448,user448@example.com,2/14/24 12:40,2/14/24 14:10,2/14/24 14:30,
449,user449@example.com,8/7/24 4:59,8/7/24 6:08,8/7/24 6:29,8/7/24 6:20
450,user450@example.com,2/1/24 21:22,,,
451,user451@example.com,2/18/24 2:13,2/18/24 2:16,,
452,user452@example.com,1/4/24 9:03,,,
453,user453@example.com,10/12/24 20:42,10/12/24 21:58,,
454,user454@example.com,8/23/24 14:22,,,
455,user455@example.com,2/24/25 20:22,2/24/25 22:01,2/24/25 22:16,
456,user456@example.com,2/4/24 20:27,2/4/24 22:03,,2/4/24 22:07
457,user457@example.com,8/3/24 5:32,8/3/24 7:16,,
458,user458@example.com,4/23/24 23:00,4/24/24 0:04,,
459,user459@example.com,4/12/24 15:37,4/12/24 16:39,4/12/24 16:49,4/12/24 16:46
460,user460@example.com,7/1/24 4:03,7/1/24 4:31,,7/1/24 4:51
461,user461@example.com,7/19/24 11:47,7/19/24 12:44,7/19/24 12:51,
462,user462@example.com,12/28/24 19:44,12/28/24 21:12,12/28/24 21:17,
463,user463@example.com,11/20/24 23:26,11/21/24 1:13,,11/21/24 1:36
464,user464@example.com,5/28/24 10:47,5/28/24 11:11,,5/28/24 11:36
465,user465@example.com,4/11/24 17:42,4/11/24 19:15,4/11/24 19:40,4/11/24 19:44
466,user466@example.com,7/29/24 6:04,7/29/24 8:03,,7/29/24 8:27
467,user467@example.com,6/2/24 10:42,6/2/24 11:40,,6/2/24 11:52
468,user468@example.com,8/13/24 8:12,,,
469,user469@example.com,11/3/24 11:04,11/3/24 12:10,11/3/24 12:35,11/3/24 12:37
470,user470@example.com,3/6/24 17:25,3/6/24 18:12,,
471,user471@example.com,5/30/24 12:53,5/30/24 14:52,,
472,user472@example.com,7/3/24 14:52,,,
473,user473@example.com,10/6/24 20:29,,,
474,user474@example.com,5/6/24 8:24,5/6/24 9:14,5/6/24 9:37,5/6/24 9:15
475,user475@example.com,7/2/24 3:56,7/2/24 4:30,7/2/24 4:40,7/2/24 4:50
476,user476@example.com,12/2/24 8:01,,,
477,user477@example.com,11/23/24 23:11,,,
478,user478@example.com,2/27/24 1:51,2/27/24 2:41,2/27/24 2:53,2/27/24 2:42
479,user479@example.com,2/1/24 4:57,,,
480,user480@example.com,4/30/24 14:55,4/30/24 15:53,,
481,user481@example.com,12/6/24 8:32,12/6/24 8:48,12/6/24 9:00,12/6/24 8:52
482,user482@example.com,3/4/24 11:49,3/4/24 13:27,,3/4/24 13:29
483,user483@example.com,1/10/25 21:26,1/10/25 22:09,,1/10/25 22:16
484,user484@example.com,10/14/24 23:03,10/15/24 0:35,,10/15/24 0:51
485,user485@example.com,12/5/24 19:45,12/5/24 20:48,,
486,user486@example.com,7/14/24 12:58,7/14/24 14:17,7/14/24 14:47,
487,user487@example.com,10/20/24 6:30,,,
488,user488@example.com,5/15/24 11:19,5/15/24 12:36,,5/15/24 12:40
489,user489@example.com,2/16/24 9:33,2/16/24 10:40,2/16/24 10:46,2/16/24 11:06
490,user490@example.com,11/2/24 1:06,11/2/24 2:47,,11/2/24 2:53
491,user491@example.com,5/20/24 10:23,5/20/24 11:21,,5/20/24 11:32
492,user492@example.com,10/28/24 0:18,10/28/24 1:43,10/28/24 1:56,
493,user493@example.com,2/22/24 15:37,2/22/24 17:31,,2/22/24 17:45
494,user494@example.com,1/2/25 7:35,1/2/25 7:52,,
495,user495@example.com,3/8/24 6:08,,,
496,user496@example.com,9/3/24 22:50,9/4/24 0:11,9/4/24 0:34,9/4/24 0:26
497,user497@example.com,3/12/24 8:17,3/12/24 9:16,3/12/24 9:26,3/12/24 9:24
498,user498@example.com,5/2/24 7:48,5/2/24 8:07,,5/2/24 8:12
499,user499@example.com,12/29/24 17:34,12/29/24 19:21,12/29/24 19:41,12/29/24 19:35
500,user500@example.com,5/6/24 18:14,5/6/24 18:47,,
501,user501@example.com,8/8/24 21:19,,,
502,user502@example.com,5/28/24 5:38,5/28/24 6:58,,
503,user503@example.com,7/19/24 15:41,7/19/24 16:39,7/19/24 17:05,7/19/24 16:47
504,user504@example.com,3/25/24 13:49,3/25/24 14:45,,
505,user505@example.com,4/3/24 1:50,4/3/24 3:19,,4/3/24 3:44
506,user506@example.com,2/21/24 22:11,2/21/24 22:55,2/21/24 22:59,2/21/24 23:04
507,user507@example.com,10/14/24 2:07,10/14/24 3:01,10/14/24 3:24,
508,user508@example.com,9/18/24 19:47,9/18/24 21:35,9/18/24 22:05,9/18/24 21:39
509,user509@example.com,2/22/24 8:24,2/22/24 9:35,2/22/24 10:05,
510,user510@example.com,2/11/25 14:44,2/11/25 15:45,,2/11/25 15:51
511,user511@example.com,9/3/24 2:27,9/3/24 3:52,9/3/24 3:56,9/3/24 4:08
512,user512@example.com,9/5/24 12:01,9/5/24 12:35,9/5/24 12:50,9/5/24 12:44
513,user513@example.com,9/29/24 1:20,,,
514,user514@example.com,2/25/24 10:46,2/25/24 11:14,2/25/24 11:32,
515,user515@example.com,2/13/24 5:57,2/13/24 7:31,2/13/24 7:55,2/13/24 7:35
516,user516@example.com,4/11/24 2:53,4/11/24 3:08,4/11/24 3:27,
517,user517@example.com,2/15/25 19:17,2/15/25 20:50,,
518,user518@example.com,12/26/24 17:48,12/26/24 18:53,12/26/24 19:02,12/26/24 19:15
519,user519@example.com,2/12/25 4:24,,,
520,user520@example.com,5/8/24 13:01,5/8/24 13:24,,5/8/24 13:54
521,user521@example.com,2/14/25 0:05,2/14/25 1:10,2/14/25 1:22,2/14/25 1:15
522,user522@example.com,10/7/24 11:38,10/7/24 12:11,10/7/24 12:25,10/7/24 12:38
523,user523@example.com,8/19/24 5:53,8/19/24 6:20,,
524,user524@example.com,4/3/24 17:03,4/3/24 17:32,4/3/24 17:38,4/3/24 17:37
525,user525@example.com,2/2/24 17:22,2/2/24 18:29,,2/2/24 18:34
526,user526@example.com,6/29/24 13:31,6/29/24 14:41,6/29/24 14:46,6/29/24 15:08
527,user527@example.com,2/15/25 0:54,2/15/25 1:22,2/15/25 1:26,2/15/25 1:32
528,user528@example.com,10/22/24 5:53,10/22/24 6:00,10/22/24 6:10,10/22/24 6:27
529,user529@example.com,11/24/24 13:12,11/24/24 14:55,,11/24/24 15:19
530,user530@example.com,8/27/24 15:05,8/27/24 15:15,8/27/24 15:28,
531,user531@example.com,8/6/24 17:15,8/6/24 18:13,,8/6/24 18:15
532,user532@example.com,12/10/24 0:08,12/10/24 1:03,,12/10/24 1:25
533,user533@example.com,7/1/24 11:05,7/1/24 12:05,,7/1/24 12:07
534,user534@example.com,1/1/24 23:03,1/1/24 23:25,,1/1/24 23:33
535,user535@example.com,11/23/24 14:36,,,
536,user536@example.com,4/11/24 23:06,4/11/24 23:44,4/12/24 0:07,4/12/24 0:00
537,user537@example.com,11/27/24 9:27,11/27/24 11:15,,
538,user538@example.com,3/30/24 7:17,3/30/24 9:01,,
539,user539@example.com,11/27/24 13:33,11/27/24 15:30,,11/27/24 15:43
540,user540@example.com,3/3/24 11:23,3/3/24 12:38,,3/3/24 13:07
541,user541@example.com,4/16/24 15:02,4/16/24 15:13,,4/16/24 15:35
542,user542@example.com,1/12/25 8:13,1/12/25 9:24,,
543,user543@example.com,8/11/24 1:02,8/11/24 1:39,8/11/24 1:48,8/11/24 2:07
544,user544@example.com,12/1/24 19:13,12/1/24 20:26,,12/1/24 20:27
545,user545@example.com,8/30/24 10:34,8/30/24 11:47,,8/30/24 12:06
546,user546@example.com,6/4/24 16:56,6/4/24 17:53,6/4/24 17:55,
547,user547@example.com,1/31/24 13:25,1/31/24 13:50,,1/31/24 14:10
548,user548@example.com,7/14/24 20:55,7/14/24 21:04,,
549,user549@example.com,2/25/24 23:34,2/26/24 0:50,,2/26/24 1:17
550,user550@example.com,11/1/24 16:11,11/1/24 17:15,11/1/24 17:28,11/1/24 17:29
551,user551@example.com,1/23/25 10:24,1/23/25 11:22,,
552,user552@example.com,4/13/24 23:52,,,
553,user553@example.com,11/25/24 6:44,,,
554,user554@example.com,12/30/24 2:49,12/30/24 3:23,,
555,user555@example.com,8/17/24 19:27,8/17/24 21:27,8/17/24 21:31,8/17/24 21:48
556,user556@example.com,9/23/24 15:06,9/23/24 16:24,9/23/24 16:53,9/23/24 16:32
557,user557@example.com,1/29/25 15:31,1/29/25 15:53,,1/29/25 16:19
558,user558@example.com,9/28/24 22:18,9/28/24 23:20,,9/28/24 23:42
559,user559@example.com,5/9/24 19:25,5/9/24 20:28,5/9/24 20:56,5/9/24 20:52
560,user560@example.com,1/18/25 1:22,1/18/25 2:29,,1/18/25 2:30
561,user561@example.com,4/7/24 0:42,4/7/24 0:53,4/7/24 1:11,4/7/24 0:56
562,user562@example.com,1/17/24 8:47,1/17/24 9:36,,1/17/24 9:49
563,user563@example.com,4/24/24 2:11,4/24/24 3:12,,4/24/24 3:30
564,user564@example.com,7/16/24 7:06,7/16/24 8:46,,7/16/24 9:01
565,user565@example.com,4/1/24 7:03,4/1/24 8:30,4/1/24 8:54,4/1/24 8:40
566,user566@example.com,3/7/24 22:07,3/8/24 0:02,,3/8/24 0:32
567,user567@example.com,1/19/24 3:33,1/19/24 3:58,1/19/24 4:06,1/19/24 4:01
568,user568@example.com,11/4/24 0:02,11/4/24 0:18,11/4/24 0:19,11/4/24 0:28
569,user569@example.com,5/2/24 9:07,,,
570,user570@example.com,3/26/24 3:32,3/26/24 4:43,3/26/24 4:59,3/26/24 5:09
571,user571@example.com,2/20/24 23:41,2/21/24 0:20,2/21/24 0:46,2/21/24 0:39
572,user572@example.com,4/2/24 9:36,4/2/24 10:18,4/2/24 10:29,4/2/24 10:48
573,user573@example.com,8/20/24 5:01,8/20/24 5:37,,
574,user574@example.com,9/3/24 18:54,9/3/24 20:39,,9/3/24 21:06
575,user575@example.com,2/21/24 8:14,,,
576,user576@example.com,5/16/24 5:36,,,
577,user577@example.com,10/2/24 17:11,10/2/24 17:28,,
578,user578@example.com,1/7/24 8:18,1/7/24 9:33,1/7/24 9:47,
579,user579@example.com,3/11/24 23:08,3/12/24 0:05,,
580,user580@example.com,4/11/24 9:27,,,
581,user581@example.com,1/1/24 12:54,1/1/24 14:27,1/1/24 14:52,
582,user582@example.com,12/3/24 2:00,,,
583,user583@example.com,8/4/24 9:06,8/4/24 10:48,8/4/24 11:01,8/4/24 11:11
584,user584@example.com,2/24/25 9:12,,,
585,user585@example.com,2/14/25 14:08,2/14/25 15:18,,2/14/25 15:22
586,user586@example.com,4/12/24 18:20,4/12/24 18:56,4/12/24 19:22,4/12/24 19:05
587,user587@example.com,6/4/24 3:16,6/4/24 4:01,,6/4/24 4:04
588,user588@example.com,3/1/24 11:45,3/1/24 12:01,3/1/24 12:27,3/1/24 12:15
589,user589@example.com,7/9/24 11:32,7/9/24 12:46,7/9/24 13:14,7/9/24 13:07
590,user590@example.com,12/28/24 14:09,12/28/24 15:11,,
591,user591@example.com,6/16/24 1:03,,,
592,user592@example.com,5/23/24 18:43,5/23/24 20:18,,5/23/24 20:36
593,user593@example.com,4/4/24 1:14,4/4/24 3:03,4/4/24 3:11,
594,user594@example.com,12/5/24 13:34,12/5/24 13:43,,12/5/24 14:00
595,user595@example.com,8/23/24 12:46,8/23/24 14:28,8/23/24 14:53,8/23/24 14:33
596,user596@example.com,11/26/24 6:07,,,
597,user597@example.com,5/31/24 7:46,5/31/24 9:01,5/31/24 9:23,5/31/24 9:05
598,user598@example.com,2/22/24 21:32,2/22/24 21:53,2/22/24 22:09,
599,user599@example.com,10/9/24 10:10,10/9/24 10:15,10/9/24 10:23,
600,user600@example.com,1/28/25 8:45,1/28/25 8:47,,1/28/25 8:59
601,user601@example.com,2/14/24 7:02,2/14/24 8:31,,2/14/24 9:00
602,user602@example.com,9/4/24 14:53,9/4/24 15:43,9/4/24 16:13,
603,user603@example.com,1/29/25 10:38,1/29/25 12:26,,1/29/25 12:31
604,user604@example.com,1/1/24 16:38,1/1/24 18:08,,1/1/24 18:29
605,user605@example.com,12/16/24 10:22,12/16/24 10:24,12/16/24 10:26,
606,user606@example.com,4/18/24 20:38,4/18/24 21:45,,4/18/24 21:52
607,user607@example.com,1/6/24 19:40,1/6/24 20:21,,1/6/24 20:44
608,user608@example.com,2/14/25 6:54,,,
609,user609@example.com,10/22/24 7:41,10/22/24 7:58,10/22/24 8:13,10/22/24 8:18
610,user610@example.com,4/23/24 11:24,4/23/24 13:08,,4/23/24 13:30
611,user611@example.com,4/23/24 21:54,4/23/24 22:53,4/23/24 22:58,4/23/24 22:55
612,user612@example.com,7/15/24 16:02,7/15/24 17:11,,
613,user613@example.com,12/16/24 15:43,12/16/24 16:03,,12/16/24 16:07
614,user614@example.com,2/10/24 0:46,2/10/24 1:33,,
615,user615@example.com,1/4/25 12:17,1/4/25 12:57,,1/4/25 13:06
616,user616@example.com,3/20/24 17:19,3/20/24 18:37,,
617,user617@example.com,10/11/24 12:12,10/11/24 14:11,10/11/24 14:18,
618,user618@example.com,11/24/24 18:55,11/24/24 20:30,11/24/24 20:53,
619,user619@example.com,5/9/24 5:54,5/9/24 7:17,,5/9/24 7:40
620,user620@example.com,7/30/24 5:03,7/30/24 6:26,,7/30/24 6:55
621,user621@example.com,1/5/24 9:49,1/5/24 11:10,1/5/24 11:20,1/5/24 11:25
622,user622@example.com,6/2/24 15:49,,,
623,user623@example.com,4/16/24 9:00,4/16/24 9:47,,
624,user624@example.com,9/29/24 20:28,9/29/24 21:58,9/29/24 22:05,
625,user625@example.com,1/18/25 18:26,,,
626,user626@example.com,12/30/24 16:16,12/30/24 16:29,,
627,user627@example.com,8/26/24 10:44,,,
628,user628@example.com,11/30/24 2:31,11/30/24 3:02,11/30/24 3:20,11/30/24 3:28
629,user629@example.com,10/6/24 0:48,10/6/24 1:16,,10/6/24 1:18
630,user630@example.com,6/9/24 12:58,6/9/24 14:18,6/9/24 14:29,6/9/24 14:48
631,user631@example.com,8/13/24 21:24,8/13/24 22:21,,8/13/24 22:26
632,user632@example.com,10/13/24 0:16,10/13/24 1:24,,10/13/24 1:38
633,user633@example.com,12/19/24 7:27,12/19/24 8:12,12/19/24 8:32,12/19/24 8:24
634,user634@example.com,2/1/25 5:10,2/1/25 5:39,2/1/25 6:00,2/1/25 5:59
635,user635@example.com,1/8/25 19:24,,,
636,user636@example.com,9/4/24 11:25,9/4/24 12:32,,
637,user637@example.com,1/22/25 17:47,1/22/25 19:37,1/22/25 19:44,
638,user638@example.com,9/29/24 2:53,9/29/24 4:49,,9/29/24 4:50
639,user639@example.com,6/13/24 22:59,6/13/24 23:16,6/13/24 23:41,6/13/24 23:31
640,user640@example.com,1/29/25 16:23,1/29/25 16:35,,1/29/25 17:05
641,user641@example.com,10/22/24 21:59,10/22/24 23:01,10/22/24 23:09,10/22/24 23:03
642,user642@example.com,5/3/24 2:45,5/3/24 3:04,,5/3/24 3:17
643,user643@example.com,6/28/24 3:56,6/28/24 4:28,,6/28/24 4:35
644,user644@example.com,2/26/24 7:38,2/26/24 9:38,2/26/24 10:06,
645,user645@example.com,3/17/24 18:45,3/17/24 20:31,3/17/24 20:42,3/17/24 20:32
646,user646@example.com,6/30/24 5:53,,,
647,user647@example.com,3/11/24 16:09,3/11/24 17:46,3/11/24 18:06,
648,user648@example.com,12/1/24 4:35,12/1/24 5:25,12/1/24 5:32,12/1/24 5:51
649,user649@example.com,8/8/24 20:26,8/8/24 21:00,,8/8/24 21:19
650,user650@example.com,1/30/25 21:16,,,
651,user651@example.com,2/23/24 21:21,2/23/24 22:33,2/23/24 22:49,2/23/24 22:44
652,user652@example.com,9/13/24 14:06,9/13/24 15:37,9/13/24 15:56,9/13/24 15:47
653,user653@example.com,6/24/24 0:33,6/24/24 0:38,6/24/24 0:45,6/24/24 0:52
654,user654@example.com,6/16/24 7:43,6/16/24 8:08,6/16/24 8:13,6/16/24 8:27
655,user655@example.com,3/19/24 22:46,3/19/24 23:03,3/19/24 23:33,3/19/24 23:10
656,user656@example.com,4/24/24 15:10,4/24/24 15:17,,4/24/24 15:30
657,user657@example.com,9/9/24 12:16,9/9/24 12:39,,
658,user658@example.com,2/2/24 11:06,2/2/24 13:02,2/2/24 13:04,2/2/24 13:03
659,user659@example.com,10/17/24 12:40,10/17/24 13:29,,10/17/24 13:40
660,user660@example.com,5/28/24 22:50,5/28/24 23:57,5/29/24 0:18,5/29/24 0:20
661,user661@example.com,1/19/25 10:07,1/19/25 10:23,,1/19/25 10:29
662,user662@example.com,5/17/24 11:25,,,
663,user663@example.com,6/22/24 11:11,6/22/24 12:53,6/22/24 13:23,6/22/24 13:15
664,user664@example.com,12/21/24 9:34,12/21/24 9:47,,
665,user665@example.com,9/10/24 13:57,9/10/24 15:30,9/10/24 15:51,9/10/24 15:40
666,user666@example.com,3/21/24 11:23,3/21/24 11:49,,
667,user667@example.com,1/9/24 1:51,,,
668,user668@example.com,12/21/24 4:14,12/21/24 4:34,,12/21/24 4:53
669,user669@example.com,3/8/24 10:48,,,
670,user670@example.com,7/19/24 9:35,7/19/24 10:05,,7/19/24 10:16
671,user671@example.com,1/24/24 13:39,1/24/24 14:26,1/24/24 14:29,1/24/24 14:30
672,user672@example.com,5/15/24 10:38,5/15/24 11:12,5/15/24 11:41,5/15/24 11:15
673,user673@example.com,9/21/24 2:33,9/21/24 3:54,9/21/24 4:04,9/21/24 4:03
674,user674@example.com,1/30/24 2:19,1/30/24 3:56,1/30/24 4:26,1/30/24 3:59
675,user675@example.com,1/13/25 8:15,,,
676,user676@example.com,6/25/24 12:17,6/25/24 12:28,6/25/24 12:30,6/25/24 12:31
677,user677@example.com,1/29/24 18:31,1/29/24 18:50,,
678,user678@example.com,10/30/24 5:47,10/30/24 6:01,10/30/24 6:22,10/30/24 6:09
679,user679@example.com,8/18/24 9:46,8/18/24 10:48,8/18/24 11:06,8/18/24 11:17
680,user680@example.com,6/27/24 0:53,,,
681,user681@example.com,10/8/24 19:36,10/8/24 20:10,,10/8/24 20:29
682,user682@example.com,10/10/24 17:16,,,
683,user683@example.com,8/1/24 12:01,,,
684,user684@example.com,11/11/24 19:09,11/11/24 19:58,11/11/24 20:27,11/11/24 20:15
685,user685@example.com,7/31/24 11:37,7/31/24 12:25,,
686,user686@example.com,1/10/25 0:43,1/10/25 1:56,,1/10/25 2:19
687,user687@example.com,9/2/24 18:48,9/2/24 20:39,9/2/24 20:43,9/2/24 21:05
688,user688@example.com,2/11/24 5:32,,,
689,user689@example.com,6/18/24 12:08,6/18/24 13:23,,6/18/24 13:50
690,user690@example.com,1/7/25 18:56,1/7/25 20:00,1/7/25 20:28,
691,user691@example.com,5/7/24 16:26,,,
692,user692@example.com,4/8/24 13:46,4/8/24 14:36,4/8/24 14:40,4/8/24 14:38
693,user693@example.com,1/4/25 2:46,,,
694,user694@example.com,1/16/24 11:25,1/16/24 11:34,,
695,user695@example.com,5/18/24 9:24,5/18/24 9:38,,5/18/24 10:01
696,user696@example.com,10/10/24 11:13,,,
697,user697@example.com,6/1/24 16:43,,,
698,user698@example.com,1/25/24 1:28,1/25/24 1:45,,1/25/24 1:50
699,user699@example.com,2/23/25 18:30,2/23/25 18:36,2/23/25 19:03,2/23/25 18:45
700,user700@example.com,2/12/25 15:14,2/12/25 16:37,,2/12/25 16:45
701,user701@example.com,11/24/24 22:27,11/24/24 23:36,11/24/24 23:59,11/24/24 23:42
702,user702@example.com,9/23/24 15:13,,,
703,user703@example.com,10/18/24 11:20,10/18/24 13:02,,10/18/24 13:27
704,user704@example.com,5/7/24 16:57,5/7/24 18:38,,5/7/24 19:00
705,user705@example.com,2/17/25 0:21,2/17/25 0:43,,
706,user706@example.com,8/5/24 5:41,8/5/24 6:25,8/5/24 6:38,8/5/24 6:55
707,user707@example.com,9/3/24 0:50,9/3/24 1:50,9/3/24 1:52,9/3/24 1:59
708,user708@example.com,6/12/24 12:39,6/12/24 13:30,,6/12/24 13:36
709,user709@example.com,9/21/24 21:23,9/21/24 23:06,,9/21/24 23:10
710,user710@example.com,10/4/24 21:20,10/4/24 22:26,,
711,user711@example.com,3/22/24 15:33,3/22/24 16:01,3/22/24 16:13,3/22/24 16:13
712,user712@example.com,2/16/25 9:02,,,
713,user713@example.com,6/10/24 4:13,6/10/24 5:32,,6/10/24 5:48
714,user714@example.com,9/4/24 20:59,,,
715,user715@example.com,1/15/24 6:59,1/15/24 8:30,,
716,user716@example.com,4/18/24 11:42,4/18/24 12:38,4/18/24 12:39,4/18/24 12:44
717,user717@example.com,9/15/24 19:14,9/15/24 19:25,,9/15/24 19:31
718,user718@example.com,1/21/24 19:55,,,
719,user719@example.com,5/17/24 16:47,,,
720,user720@example.com,7/22/24 10:30,7/22/24 10:49,7/22/24 11:10,7/22/24 11:07
721,user721@example.com,1/27/24 13:59,,,
722,user722@example.com,2/19/24 20:06,2/19/24 21:36,2/19/24 21:57,
723,user723@example.com,2/13/24 2:29,2/13/24 3:30,2/13/24 3:47,2/13/24 3:50
724,user724@example.com,4/18/24 8:50,4/18/24 9:37,4/18/24 9:39,
725,user725@example.com,12/28/24 17:46,12/28/24 18:59,12/28/24 19:14,12/28/24 19:25
726,user726@example.com,2/7/25 12:06,,,
727,user727@example.com,6/12/24 9:35,6/12/24 11:20,,6/12/24 11:34
728,user728@example.com,2/8/24 12:48,2/8/24 13:20,,2/8/24 13:23
729,user729@example.com,7/13/24 7:27,7/13/24 7:55,,7/13/24 8:18
730,user730@example.com,12/8/24 14:16,,,
731,user731@example.com,1/22/24 21:55,1/22/24 22:43,1/22/24 22:56,1/22/24 23:12
732,user732@example.com,3/13/24 1:49,3/13/24 3:32,3/13/24 3:51,
733,user733@example.com,2/13/25 18:34,2/13/25 20:24,2/13/25 20:49,2/13/25 20:53
734,user734@example.com,6/7/24 5:36,6/7/24 6:11,,6/7/24 6:20
735,user735@example.com,1/7/25 21:51,1/7/25 23:35,1/8/25 0:05,
736,user736@example.com,4/3/24 19:50,4/3/24 20:51,4/3/24 21:16,4/3/24 21:19
737,user737@example.com,1/19/24 13:51,1/19/24 15:02,,1/19/24 15:12
738,user738@example.com,2/4/25 9:39,,,
739,user739@example.com,4/8/24 20:24,4/8/24 20:39,4/8/24 20:44,4/8/24 20:56
740,user740@example.com,8/19/24 21:53,8/19/24 23:27,8/19/24 23:49,
741,user741@example.com,12/8/24 11:08,12/8/24 12:28,12/8/24 12:51,12/8/24 12:53
742,user742@example.com,2/21/25 4:08,2/21/25 4:22,2/21/25 4:39,
743,user743@example.com,2/14/24 17:55,2/14/24 18:52,,
744,user744@example.com,4/19/24 1:38,,,
745,user745@example.com,5/28/24 14:39,5/28/24 15:41,,
746,user746@example.com,1/5/25 3:13,1/5/25 3:54,,1/5/25 4:17
747,user747@example.com,2/6/25 13:40,2/6/25 15:13,2/6/25 15:31,2/6/25 15:21
748,user748@example.com,9/15/24 21:12,9/15/24 22:32,9/15/24 22:36,
749,user749@example.com,12/14/24 8:53,12/14/24 9:24,12/14/24 9:26,
750,user750@example.com,9/4/24 19:59,,,
751,user751@example.com,12/24/24 7:25,12/24/24 8:51,12/24/24 8:57,12/24/24 9:02
752,user752@example.com,3/14/24 10:00,3/14/24 11:26,3/14/24 11:43,3/14/24 11:46
753,user753@example.com,7/27/24 2:48,,,
754,user754@example.com,10/13/24 23:41,,,
755,user755@example.com,1/1/25 15:43,,,
756,user756@example.com,11/24/24 19:57,,,
757,user757@example.com,4/5/24 9:10,4/5/24 10:30,4/5/24 10:52,4/5/24 10:59
758,user758@example.com,1/8/24 13:37,1/8/24 15:28,1/8/24 15:48,1/8/24 15:54
759,user759@example.com,4/30/24 4:30,4/30/24 5:17,,
760,user760@example.com,2/22/24 8:42,2/22/24 8:52,,2/22/24 8:57
761,user761@example.com,6/27/24 19:01,6/27/24 21:00,6/27/24 21:17,6/27/24 21:27
762,user762@example.com,8/11/24 23:26,,,
763,user763@example.com,4/21/24 17:38,4/21/24 19:07,,4/21/24 19:08
764,user764@example.com,12/24/24 17:36,12/24/24 18:41,12/24/24 19:06,12/24/24 19:09
765,user765@example.com,5/11/24 12:01,5/11/24 13:18,,5/11/24 13:28
766,user766@example.com,7/13/24 5:39,7/13/24 7:13,7/13/24 7:29,7/13/24 7:38
767,user767@example.com,2/19/24 2:50,2/19/24 3:31,2/19/24 4:00,2/19/24 3:55
768,user768@example.com,2/2/25 15:00,2/2/25 15:06,,2/2/25 15:20
769,user769@example.com,7/15/24 18:49,7/15/24 20:35,7/15/24 20:36,7/15/24 20:52
770,user770@example.com,2/11/25 1:58,,,
771,user771@example.com,12/21/24 14:49,12/21/24 15:18,,12/21/24 15:22
772,user772@example.com,8/21/24 8:52,8/21/24 9:21,8/21/24 9:40,8/21/24 9:37
773,user773@example.com,12/5/24 23:24,12/6/24 0:58,,12/6/24 1:00
774,user774@example.com,6/20/24 16:01,6/20/24 17:42,,6/20/24 18:02
775,user775@example.com,10/8/24 12:09,10/8/24 12:39,,
776,user776@example.com,1/2/24 2:47,1/2/24 3:57,,1/2/24 4:06
777,user777@example.com,4/21/24 22:52,4/22/24 0:28,,4/22/24 0:38
778,user778@example.com,7/8/24 2:18,7/8/24 2:40,,7/8/24 2:44
779,user779@example.com,1/13/25 3:11,1/13/25 5:09,,
780,user780@example.com,1/23/24 5:31,1/23/24 5:34,,1/23/24 5:52
781,user781@example.com,8/26/24 4:54,8/26/24 6:33,8/26/24 6:52,8/26/24 6:59
782,user782@example.com,7/11/24 16:28,7/11/24 18:03,,7/11/24 18:30
783,user783@example.com,5/29/24 11:58,5/29/24 12:50,,5/29/24 13:08
784,user784@example.com,12/3/24 6:02,12/3/24 6:51,12/3/24 7:14,12/3/24 7:14
785,user785@example.com,3/24/24 16:11,3/24/24 17:18,3/24/24 17:46,3/24/24 17:45
786,user786@example.com,12/9/24 21:55,12/9/24 22:04,,
787,user787@example.com,2/16/25 7:59,2/16/25 8:07,2/16/25 8:35,2/16/25 8:28
788,user788@example.com,2/5/25 1:56,2/5/25 3:01,,2/5/25 3:24
789,user789@example.com,11/15/24 14:03,11/15/24 14:22,,11/15/24 14:44
790,user790@example.com,2/22/24 6:32,2/22/24 7:53,,2/22/24 8:18
791,user791@example.com,9/13/24 17:30,9/13/24 19:02,9/13/24 19:26,9/13/24 19:09
792,user792@example.com,6/20/24 21:10,6/20/24 21:31,6/20/24 21:47,
793,user793@example.com,1/16/25 15:59,,,
794,user794@example.com,2/2/24 22:54,2/3/24 0:33,2/3/24 0:43,2/3/24 0:53
795,user795@example.com,5/18/24 19:31,,,
796,user796@example.com,1/16/24 14:51,1/16/24 16:43,1/16/24 17:13,1/16/24 16:44
797,user797@example.com,5/27/24 9:10,5/27/24 10:55,5/27/24 11:21,5/27/24 11:25
798,user798@example.com,2/13/24 12:22,2/13/24 13:51,,
799,user799@example.com,1/22/25 6:51,1/22/25 7:08,,
800,user800@example.com,5/19/24 9:41,,,
801,user801@example.com,4/25/24 14:27,4/25/24 14:43,4/25/24 14:48,
802,user802@example.com,9/24/24 23:17,,,
803,user803@example.com,12/13/24 10:13,12/13/24 11:52,,12/13/24 12:13
804,user804@example.com,8/10/24 23:25,8/11/24 0:39,8/11/24 1:09,
805,user805@example.com,4/22/24 20:55,4/22/24 22:25,,
806,user806@example.com,6/16/24 19:34,6/16/24 19:35,,6/16/24 19:36
807,user807@example.com,8/26/24 2:05,8/26/24 2:38,8/26/24 2:44,
808,user808@example.com,2/12/24 10:06,2/12/24 12:05,,
809,user809@example.com,3/1/24 5:06,3/1/24 6:55,,
810,user810@example.com,8/26/24 11:24,8/26/24 11:48,,
811,user811@example.com,6/13/24 7:48,6/13/24 9:48,,6/13/24 10:03
812,user812@example.com,2/12/25 2:04,,,
813,user813@example.com,8/9/24 5:23,8/9/24 6:06,,
814,user814@example.com,3/22/24 23:11,,,
815,user815@example.com,10/23/24 19:11,,,
816,user816@example.com,8/16/24 1:41,8/16/24 2:44,,8/16/24 2:59
817,user817@example.com,1/9/25 20:09,1/9/25 21:20,,
818,user818@example.com,5/12/24 23:52,,,
819,user819@example.com,5/20/24 4:51,5/20/24 6:25,,
820,user820@example.com,11/23/24 20:43,11/23/24 21:32,,
821,user821@example.com,1/6/24 16:19,1/6/24 17:20,1/6/24 17:36,
822,user822@example.com,11/2/24 22:31,11/2/24 22:32,,11/2/24 23:02
823,user823@example.com,3/28/24 8:12,,,
824,user824@example.com,8/7/24 6:53,,,
825,user825@example.com,9/6/24 4:27,9/6/24 4:28,9/6/24 4:52,9/6/24 4:32
826,user826@example.com,3/16/24 22:58,3/17/24 0:53,,3/17/24 1:01
827,user827@example.com,7/13/24 22:58,7/13/24 23:28,7/13/24 23:57,7/13/24 23:50
828,user828@example.com,2/16/24 3:08,2/16/24 4:58,,2/16/24 5:07
829,user829@example.com,11/22/24 9:47,,,
830,user830@example.com,6/30/24 10:23,6/30/24 10:30,,6/30/24 10:51
831,user831@example.com,9/12/24 11:21,9/12/24 13:15,9/12/24 13:18,9/12/24 13:23
832,user832@example.com,8/20/24 2:44,8/20/24 4:17,,
833,user833@example.com,7/26/24 23:41,7/27/24 1:25,,
834,user834@example.com,10/28/24 20:35,,,
835,user835@example.com,8/30/24 23:46,8/31/24 0:52,8/31/24 1:12,8/31/24 0:58
836,user836@example.com,6/1/24 3:03,6/1/24 4:23,6/1/24 4:24,
837,user837@example.com,5/20/24 10:28,5/20/24 11:11,,5/20/24 11:17
838,user838@example.com,12/23/24 19:29,12/23/24 20:57,12/23/24 21:23,
839,user839@example.com,2/23/24 5:13,2/23/24 6:00,,
840,user840@example.com,4/23/24 3:00,4/23/24 4:24,,
841,user841@example.com,3/22/24 14:40,3/22/24 15:20,3/22/24 15:38,3/22/24 15:44
842,user842@example.com,5/31/24 6:39,5/31/24 6:40,,5/31/24 7:05
843,user843@example.com,12/17/24 14:32,12/17/24 14:43,,12/17/24 14:57
844,user844@example.com,5/20/24 11:25,5/20/24 12:09,5/20/24 12:11,5/20/24 12:35
845,user845@example.com,1/20/24 5:48,1/20/24 7:24,,1/20/24 7:54
846,user846@example.com,1/12/24 19:22,1/12/24 20:47,1/12/24 20:52,
847,user847@example.com,1/27/25 12:27,1/27/25 12:44,,1/27/25 13:14
848,user848@example.com,8/23/24 15:58,8/23/24 17:27,,
849,user849@example.com,11/3/24 23:50,11/4/24 1:23,11/4/24 1:40,11/4/24 1:41
850,user850@example.com,5/16/24 5:21,5/16/24 5:38,5/16/24 5:41,
851,user851@example.com,3/11/24 18:52,3/11/24 19:41,3/11/24 20:03,
852,user852@example.com,3/20/24 21:20,3/20/24 21:38,3/20/24 22:02,3/20/24 22:02
853,user853@example.com,3/11/24 2:16,,,
854,user854@example.com,8/8/24 15:25,8/8/24 17:05,,8/8/24 17:34
855,user855@example.com,3/2/24 5:22,3/2/24 5:31,3/2/24 5:50,
856,user856@example.com,8/24/24 8:47,8/24/24 9:13,,8/24/24 9:36
857,user857@example.com,11/24/24 2:42,11/24/24 4:00,11/24/24 4:23,
858,user858@example.com,2/23/24 6:48,2/23/24 7:52,2/23/24 7:54,
859,user859@example.com,1/28/25 8:13,1/28/25 8:50,,1/28/25 8:51
860,user860@example.com,12/4/24 12:34,,,
861,user861@example.com,1/9/25 11:54,1/9/25 13:07,,1/9/25 13:11
862,user862@example.com,8/5/24 16:32,8/5/24 16:41,8/5/24 16:57,8/5/24 17:01
863,user863@example.com,8/30/24 14:46,8/30/24 15:45,,
864,user864@example.com,2/8/25 11:22,2/8/25 11:59,,2/8/25 12:22
865,user865@example.com,8/12/24 22:58,8/12/24 23:50,,8/13/24 0:10
866,user866@example.com,1/21/25 12:04,,,
867,user867@example.com,1/16/24 3:39,1/16/24 4:59,1/16/24 5:28,1/16/24 5:01
868,user868@example.com,6/17/24 19:12,6/17/24 20:13,,6/17/24 20:27
869,user869@example.com,8/15/24 5:17,8/15/24 7:03,,8/15/24 7:20
870,user870@example.com,5/23/24 12:14,,,
871,user871@example.com,3/19/24 6:56,3/19/24 8:20,,3/19/24 8:47
872,user872@example.com,7/21/24 6:50,7/21/24 8:13,,7/21/24 8:26
873,user873@example.com,11/18/24 21:17,11/18/24 22:36,11/18/24 22:41,11/18/24 23:00
874,user874@example.com,7/8/24 14:36,7/8/24 14:57,7/8/24 15:16,7/8/24 15:26
875,user875@example.com,7/21/24 13:46,7/21/24 14:57,7/21/24 15:09,7/21/24 15:13
876,user876@example.com,3/13/24 13:22,3/13/24 15:02,3/13/24 15:03,3/13/24 15:07
877,user877@example.com,1/26/24 13:28,1/26/24 13:55,1/26/24 14:20,1/26/24 14:18
878,user878@example.com,1/3/24 2:58,1/3/24 4:14,,
879,user879@example.com,12/28/24 9:30,12/28/24 11:25,12/28/24 11:50,12/28/24 11:35
880,user880@example.com,6/16/24 21:29,6/16/24 21:44,,6/16/24 22:11
881,user881@example.com,4/10/24 7:18,4/10/24 9:01,4/10/24 9:13,4/10/24 9:10
882,user882@example.com,10/20/24 12:31,10/20/24 13:15,,10/20/24 13:30
883,user883@example.com,5/26/24 8:48,5/26/24 9:54,,
884,user884@example.com,5/27/24 20:22,5/27/24 22:06,,5/27/24 22:27
885,user885@example.com,3/10/24 16:32,3/10/24 17:59,,
886,user886@example.com,8/23/24 17:28,8/23/24 17:34,,8/23/24 18:00
887,user887@example.com,1/11/25 14:39,1/11/25 14:52,,
888,user888@example.com,1/17/24 12:47,1/17/24 14:01,1/17/24 14:11,1/17/24 14:04
889,user889@example.com,3/12/24 15:03,3/12/24 16:59,3/12/24 17:26,3/12/24 17:08
890,user890@example.com,10/15/24 11:17,10/15/24 12:00,,
891,user891@example.com,2/4/25 6:16,2/4/25 7:59,,2/4/25 8:06
892,user892@example.com,2/15/25 1:40,2/15/25 2:57,,2/15/25 3:25
893,user893@example.com,2/2/25 4:32,2/2/25 6:27,2/2/25 6:51,2/2/25 6:49
894,user894@example.com,6/3/24 10:46,6/3/24 11:29,6/3/24 11:49,6/3/24 11:38
895,user895@example.com,2/25/25 21:56,2/25/25 23:14,,2/25/25 23:33
896,user896@example.com,11/22/24 1:19,11/22/24 1:54,11/22/24 2:03,
897,user897@example.com,2/18/25 23:56,2/19/25 0:52,,2/19/25 1:07
898,user898@example.com,12/8/24 22:06,12/8/24 23:47,12/9/24 0:04,
899,user899@example.com,5/27/24 11:23,5/27/24 12:05,5/27/24 12:32,5/27/24 12:15
900,user900@example.com,3/31/24 23:21,4/1/24 0:45,,4/1/24 1:06
901,user901@example.com,2/23/25 8:31,2/23/25 10:14,,2/23/25 10:16
902,user902@example.com,9/27/24 23:50,9/28/24 1:00,9/28/24 1:10,9/28/24 1:06
903,user903@example.com,12/28/24 12:20,,,
904,user904@example.com,1/3/25 9:17,,,
905,user905@example.com,2/25/24 10:16,2/25/24 10:46,,2/25/24 10:53
906,user906@example.com,10/10/24 17:17,10/10/24 18:06,,10/10/24 18:31
907,user907@example.com,6/24/24 22:16,6/24/24 23:27,6/24/24 23:53,6/24/24 23:48
908,user908@example.com,7/31/24 3:13,,,
909,user909@example.com,3/14/24 6:24,3/14/24 8:02,3/14/24 8:23,3/14/24 8:09
910,user910@example.com,7/13/24 8:35,,,
911,user911@example.com,1/4/24 23:20,1/4/24 23:31,1/4/24 23:41,1/4/24 23:47
912,user912@example.com,6/28/24 16:11,,,
913,user913@example.com,9/18/24 15:50,,,
914,user914@example.com,2/15/24 8:23,2/15/24 9:12,,
915,user915@example.com,6/22/24 19:49,6/22/24 19:51,6/22/24 19:59,6/22/24 20:19
916,user916@example.com,4/20/24 0:04,4/20/24 1:32,,
917,user917@example.com,4/10/24 5:03,,,
918,user918@example.com,5/29/24 8:27,5/29/24 9:34,5/29/24 10:03,
919,user919@example.com,5/9/24 18:42,5/9/24 19:37,5/9/24 20:04,
920,user920@example.com,4/14/24 23:51,,,
921,user921@example.com,2/12/24 5:17,2/12/24 6:33,2/12/24 6:42,
922,user922@example.com,1/26/25 11:22,1/26/25 12:19,,1/26/25 12:39
923,user923@example.com,1/25/25 1:59,,,
924,user924@example.com,7/13/24 15:43,7/13/24 16:02,7/13/24 16:29,
925,user925@example.com,4/15/24 22:10,4/15/24 22:54,4/15/24 23:03,4/15/24 23:03
926,user926@example.com,2/23/25 13:01,2/23/25 14:12,2/23/25 14:31,2/23/25 14:39
927,user927@example.com,11/29/24 8:43,11/29/24 8:51,,11/29/24 9:19
928,user928@example.com,6/14/24 21:25,6/14/24 23:06,6/14/24 23:17,6/14/24 23:23
929,user929@example.com,10/5/24 9:52,10/5/24 10:55,10/5/24 10:58,10/5/24 11:23
930,user930@example.com,10/27/24 9:50,10/27/24 10:40,10/27/24 10:54,10/27/24 10:52
931,user931@example.com,9/8/24 6:39,9/8/24 8:18,,9/8/24 8:46
932,user932@example.com,9/6/24 10:36,9/6/24 12:36,9/6/24 12:53,9/6/24 12:37
933,user933@example.com,7/4/24 4:40,,,
934,user934@example.com,12/20/24 14:29,12/20/24 15:51,12/20/24 15:55,12/20/24 16:21
935,user935@example.com,2/7/24 15:38,2/7/24 15:39,2/7/24 15:51,2/7/24 15:44
936,user936@example.com,4/27/24 5:50,4/27/24 6:46,,
937,user937@example.com,2/3/24 9:00,2/3/24 9:15,,2/3/24 9:41
938,user938@example.com,2/10/24 13:02,2/10/24 13:29,2/10/24 13:59,2/10/24 13:49
939,user939@example.com,12/27/24 14:32,12/27/24 15:19,,12/27/24 15:28
940,user940@example.com,3/19/24 2:54,3/19/24 3:34,,3/19/24 3:49
941,user941@example.com,12/27/24 22:54,12/28/24 0:07,,
942,user942@example.com,6/2/24 8:16,6/2/24 8:42,,6/2/24 8:58
943,user943@example.com,8/26/24 2:02,8/26/24 2:25,,8/26/24 2:55
944,user944@example.com,8/3/24 6:11,8/3/24 6:56,,
945,user945@example.com,7/3/24 11:09,7/3/24 11:59,7/3/24 12:21,
946,user946@example.com,6/10/24 10:05,6/10/24 11:32,,
947,user947@example.com,2/21/25 14:19,2/21/25 15:01,2/21/25 15:22,
948,user948@example.com,1/26/25 7:12,1/26/25 8:13,1/26/25 8:18,
949,user949@example.com,2/9/24 15:03,2/9/24 16:40,2/9/24 17:00,2/9/24 17:02
950,user950@example.com,1/24/24 18:07,1/24/24 19:01,1/24/24 19:09,1/24/24 19:23
951,user951@example.com,2/9/24 4:30,2/9/24 5:05,,2/9/24 5:13
952,user952@example.com,4/10/24 21:37,4/10/24 22:04,,4/10/24 22:34
953,user953@example.com,8/12/24 1:27,8/12/24 2:51,8/12/24 2:55,8/12/24 2:52
954,user954@example.com,7/9/24 20:35,7/9/24 21:33,7/9/24 21:43,7/9/24 21:47
955,user955@example.com,7/30/24 1:45,7/30/24 3:44,,
956,user956@example.com,12/30/24 17:31,12/30/24 18:24,12/30/24 18:36,
957,user957@example.com,1/24/24 17:23,,,
958,user958@example.com,3/24/24 5:50,,,
959,user959@example.com,4/25/24 7:12,4/25/24 8:22,4/25/24 8:30,
960,user960@example.com,5/22/24 17:05,5/22/24 18:34,,5/22/24 18:47
961,user961@example.com,6/27/24 3:15,6/27/24 4:03,6/27/24 4:26,6/27/24 4:33
962,user962@example.com,12/23/24 3:50,12/23/24 4:21,,12/23/24 4:22
963,user963@example.com,1/12/25 13:12,1/12/25 15:09,,1/12/25 15:27
964,user964@example.com,5/27/24 10:49,5/27/24 11:47,5/27/24 12:05,
965,user965@example.com,9/27/24 17:58,9/27/24 19:13,9/27/24 19:15,9/27/24 19:16
966,user966@example.com,8/31/24 16:41,,,
967,user967@example.com,7/4/24 6:06,,,
968,user968@example.com,6/21/24 20:28,,,
969,user969@example.com,3/14/24 11:20,3/14/24 13:07,3/14/24 13:10,3/14/24 13:34
970,user970@example.com,6/3/24 8:03,,,
971,user971@example.com,8/19/24 18:26,8/19/24 19:54,8/19/24 19:56,8/19/24 20:23
972,user972@example.com,4/22/24 18:44,4/22/24 20:22,,4/22/24 20:44
973,user973@example.com,10/30/24 18:56,10/30/24 19:39,,
974,user974@example.com,12/25/24 13:01,12/25/24 13:46,,
975,user975@example.com,4/12/24 22:44,4/12/24 23:19,4/12/24 23:39,
976,user976@example.com,7/7/24 4:15,7/7/24 4:44,,7/7/24 5:03
977,user977@example.com,7/25/24 3:29,7/25/24 3:53,,
978,user978@example.com,10/4/24 5:16,10/4/24 5:17,,
979,user979@example.com,3/28/24 12:29,,,
980,user980@example.com,6/20/24 8:51,6/20/24 10:04,6/20/24 10:32,6/20/24 10:32
981,user981@example.com,5/25/24 11:57,,,
982,user982@example.com,2/7/24 2:44,2/7/24 4:35,2/7/24 5:03,2/7/24 5:04
983,user983@example.com,2/17/25 21:46,2/17/25 21:54,,2/17/25 22:19
984,user984@example.com,1/23/25 22:33,1/23/25 23:00,,1/23/25 23:24
985,user985@example.com,2/15/24 3:25,,,
986,user986@example.com,12/20/24 23:03,12/21/24 0:03,12/21/24 0:25,12/21/24 0:06
987,user987@example.com,1/21/24 9:30,1/21/24 10:57,1/21/24 11:07,
988,user988@example.com,1/10/25 9:59,1/10/25 10:51,1/10/25 10:58,
989,user989@example.com,11/27/24 10:22,11/27/24 11:36,11/27/24 11:37,11/27/24 11:49
990,user990@example.com,12/13/24 11:29,12/13/24 13:09,,
991,user991@example.com,4/21/24 3:16,4/21/24 5:02,4/21/24 5:20,
992,user992@example.com,2/23/25 16:09,,,
993,user993@example.com,1/2/24 18:17,1/2/24 18:36,,1/2/24 19:00
994,user994@example.com,1/29/24 7:21,1/29/24 8:10,1/29/24 8:40,1/29/24 8:30
995,user995@example.com,6/11/24 15:01,,,
996,user996@example.com,5/8/24 11:37,5/8/24 13:11,,5/8/24 13:27
997,user997@example.com,6/12/24 16:45,6/12/24 17:47,6/12/24 18:10,6/12/24 17:56
998,user998@example.com,12/13/24 6:30,12/13/24 7:05,,
999,user999@example.com,3/3/24 22:32,3/3/24 23:13,3/3/24 23:32,
1000,user1000@example.com,7/18/24 11:34,7/18/24 11:35,,7/18/24 11:50