customer_id,email_id,email_sent_date_time,email_view_date_time,cta_id1_click_datetime,cta_id2_click_datetime,best_send_hour
1,user1@example.com,2025-01-07 01:38:00,,,,12.0
2,user2@example.com,2024-03-15 01:24:00,2024-03-15 01:50:00,,,1.0
3,user3@example.com,2024-11-30 06:16:00,,,,12.0
4,user4@example.com,2024-01-20 17:18:00,2024-01-20 18:57:00,,,18.0
5,user5@example.com,2024-02-27 05:12:00,2024-02-27 05:30:00,2024-02-27 05:47:00,,5.0
6,user6@example.com,2024-11-11 23:46:00,2024-11-12 01:01:00,,,1.0
7,user7@example.com,2024-03-30 15:15:00,2024-03-30 16:37:00,2024-03-30 16:52:00,2024-03-30 16:52:00,16.0
8,user8@example.com,2024-07-03 18:54:00,2024-07-03 20:09:00,2024-07-03 20:19:00,2024-07-03 20:31:00,20.0
9,user9@example.com,2024-11-26 14:34:00,2024-11-26 15:40:00,,2024-11-26 15:45:00,15.0
10,user10@example.com,2024-02-05 11:36:00,,,,12.0
11,user11@example.com,2024-12-29 16:02:00,2024-12-29 17:08:00,,,17.0
12,user12@example.com,2024-08-29 03:04:00,2024-08-29 04:45:00,2024-08-29 05:05:00,2024-08-29 05:14:00,4.666666666666667
13,user13@example.com,2024-02-13 22:33:00,,,,12.0
14,user14@example.com,2024-03-09 15:11:00,2024-03-09 16:37:00,2024-03-09 16:49:00,,16.0
15,user15@example.com,2024-12-07 14:09:00,2024-12-07 15:27:00,,2024-12-07 15:46:00,15.0
16,user16@example.com,2024-06-08 16:03:00,,,,12.0
17,user17@example.com,2025-01-26 17:14:00,2025-01-26 17:56:00,,2025-01-26 18:21:00,17.5
18,user18@example.com,2024-10-05 18:22:00,2024-10-05 19:31:00,2024-10-05 19:34:00,2024-10-05 19:36:00,19.0
19,user19@example.com,2024-04-22 05:37:00,2024-04-22 07:25:00,,2024-04-22 07:44:00,7.0
20,user20@example.com,2024-11-12 23:07:00,2024-11-13 00:53:00,2024-11-13 00:59:00,,0.0
21,user21@example.com,2024-11-02 16:59:00,,,,12.0
22,user22@example.com,2024-11-09 07:52:00,2024-11-09 08:50:00,2024-11-09 09:04:00,2024-11-09 09:12:00,8.666666666666666
23,user23@example.com,2025-01-23 00:58:00,,,,12.0
24,user24@example.com,2024-06-10 05:27:00,2024-06-10 07:17:00,2024-06-10 07:39:00,,7.0
25,user25@example.com,2024-05-19 02:57:00,2024-05-19 04:52:00,2024-05-19 05:07:00,2024-05-19 04:57:00,4.333333333333333
26,user26@example.com,2024-03-04 10:14:00,2024-03-04 11:26:00,,2024-03-04 11:33:00,11.0
27,user27@example.com,2024-02-02 00:47:00,2024-02-02 02:26:00,2024-02-02 02:27:00,2024-02-02 02:43:00,2.0
28,user28@example.com,2024-12-04 10:18:00,2024-12-04 10:27:00,,2024-12-04 10:44:00,10.0
29,user29@example.com,2024-12-05 03:21:00,2024-12-05 05:07:00,2024-12-05 05:17:00,2024-12-05 05:30:00,5.0
30,user30@example.com,2024-12-24 08:50:00,2024-12-24 10:33:00,2024-12-24 10:50:00,,10.0
31,user31@example.com,2024-11-26 07:18:00,2024-11-26 09:03:00,2024-11-26 09:27:00,2024-11-26 09:11:00,9.0
32,user32@example.com,2024-12-22 14:14:00,2024-12-22 14:59:00,2024-12-22 15:13:00,,14.5
33,user33@example.com,2024-02-11 11:32:00,2024-02-11 13:12:00,,2024-02-11 13:19:00,13.0
34,user34@example.com,2025-01-25 00:50:00,2025-01-25 00:59:00,,2025-01-25 01:00:00,0.5
35,user35@example.com,2024-09-11 09:10:00,2024-09-11 10:59:00,2024-09-11 11:15:00,2024-09-11 11:08:00,10.666666666666666
36,user36@example.com,2024-01-16 11:59:00,2024-01-16 12:13:00,,2024-01-16 12:33:00,12.0
37,user37@example.com,2024-05-11 16:50:00,2024-05-11 17:11:00,2024-05-11 17:14:00,2024-05-11 17:41:00,17.0
38,user38@example.com,2025-01-01 16:08:00,2025-01-01 16:19:00,,2025-01-01 16:44:00,16.0
39,user39@example.com,2024-01-23 17:37:00,2024-01-23 18:03:00,2024-01-23 18:29:00,,18.0
40,user40@example.com,2025-01-08 12:10:00,2025-01-08 12:23:00,2025-01-08 12:28:00,2025-01-08 12:50:00,12.0
41,user41@example.com,2024-11-09 13:22:00,2024-11-09 14:48:00,2024-11-09 15:12:00,2024-11-09 14:54:00,14.333333333333334
42,user42@example.com,2024-05-09 19:48:00,2024-05-09 19:57:00,2024-05-09 20:07:00,,19.5
43,user43@example.com,2024-10-01 12:11:00,2024-10-01 13:32:00,2024-10-01 13:53:00,2024-10-01 13:33:00,13.0
44,user44@example.com,2024-10-21 09:33:00,,,,12.0
45,user45@example.com,2024-01-11 12:51:00,2024-01-11 14:32:00,,2024-01-11 14:41:00,14.0
46,user46@example.com,2024-10-03 21:00:00,2024-10-03 21:52:00,2024-10-03 22:11:00,2024-10-03 22:18:00,21.666666666666668
47,user47@example.com,2024-05-31 13:30:00,,,,12.0
48,user48@example.com,2025-01-11 22:09:00,2025-01-11 23:57:00,,,23.0
49,user49@example.com,2024-12-10 12:51:00,2024-12-10 13:08:00,,,13.0
50,user50@example.com,2025-02-17 19:25:00,2025-02-17 19:31:00,,2025-02-17 19:41:00,19.0
51,user51@example.com,2025-02-10 12:04:00,,,,12.0
52,user52@example.com,2025-02-07 03:55:00,,,,12.0
53,user53@example.com,2024-07-28 08:23:00,2024-07-28 08:47:00,,2024-07-28 09:03:00,8.5
54,user54@example.com,2024-10-17 18:47:00,2024-10-17 19:32:00,2024-10-17 19:36:00,2024-10-17 19:38:00,19.0
55,user55@example.com,2024-02-04 13:02:00,2024-02-04 14:29:00,,,14.0
56,user56@example.com,2024-01-16 06:56:00,2024-01-16 07:14:00,2024-01-16 07:37:00,2024-01-16 07:22:00,7.0
57,user57@example.com,2025-01-17 21:37:00,2025-01-17 23:02:00,2025-01-17 23:29:00,2025-01-17 23:31:00,23.0
58,user58@example.com,2024-12-10 03:11:00,2024-12-10 03:20:00,2024-12-10 03:47:00,,3.0
59,user59@example.com,2024-03-03 23:46:00,2024-03-04 01:28:00,2024-03-04 01:32:00,,1.0
60,user60@example.com,2024-12-30 06:09:00,2024-12-30 08:04:00,2024-12-30 08:26:00,,8.0
61,user61@example.com,2024-02-09 19:41:00,2024-02-09 20:39:00,,2024-02-09 21:07:00,20.5
62,user62@example.com,2025-01-07 02:18:00,2025-01-07 03:36:00,,2025-01-07 03:51:00,3.0
63,user63@example.com,2024-04-06 15:25:00,,,,12.0
64,user64@example.com,2024-01-26 05:13:00,2024-01-26 05:37:00,,2024-01-26 06:03:00,5.5
65,user65@example.com,2025-01-25 10:37:00,,,,12.0
66,user66@example.com,2024-01-03 00:35:00,2024-01-03 01:08:00,,2024-01-03 01:22:00,1.0
67,user67@example.com,2025-01-17 22:59:00,2025-01-17 23:18:00,,2025-01-17 23:48:00,23.0
68,user68@example.com,2025-02-14 07:50:00,,,,12.0
69,user69@example.com,2025-02-10 03:10:00,2025-02-10 03:44:00,2025-02-10 03:55:00,,3.0
70,user70@example.com,2024-12-01 15:23:00,,,,12.0
71,user71@example.com,2024-12-10 06:00:00,2024-12-10 07:45:00,2024-12-10 08:01:00,2024-12-10 07:52:00,7.333333333333333
72,user72@example.com,2024-11-01 07:31:00,2024-11-01 08:51:00,2024-11-01 09:15:00,,8.5
73,user73@example.com,2024-02-14 15:25:00,,,,12.0
74,user74@example.com,2024-03-29 21:16:00,2024-03-29 21:50:00,,2024-03-29 22:16:00,21.5
75,user75@example.com,2024-03-11 04:17:00,,,,12.0
76,user76@example.com,2025-01-21 02:54:00,2025-01-21 04:27:00,,2025-01-21 04:40:00,4.0
77,user77@example.com,2024-04-25 01:57:00,,,,12.0
78,user78@example.com,2025-02-05 05:10:00,2025-02-05 06:32:00,2025-02-05 06:55:00,,6.0
79,user79@example.com,2024-06-16 09:46:00,,,,12.0
80,user80@example.com,2024-03-05 10:46:00,,,,12.0
81,user81@example.com,2024-10-12 09:01:00,2024-10-12 09:53:00,,2024-10-12 10:11:00,9.5
82,user82@example.com,2024-07-23 13:55:00,,,,12.0
83,user83@example.com,2025-01-07 20:23:00,2025-01-07 20:33:00,,2025-01-07 20:48:00,20.0
84,user84@example.com,2024-08-30 13:36:00,2024-08-30 15:02:00,2024-08-30 15:03:00,2024-08-30 15:10:00,15.0
85,user85@example.com,2024-08-24 03:25:00,2024-08-24 04:49:00,,2024-08-24 05:11:00,4.5
86,user86@example.com,2024-12-11 04:47:00,2024-12-11 05:33:00,,,5.0
87,user87@example.com,2024-03-07 14:02:00,2024-03-07 14:35:00,,2024-03-07 15:04:00,14.5
88,user88@example.com,2025-01-21 00:31:00,2025-01-21 01:21:00,2025-01-21 01:51:00,2025-01-21 01:33:00,1.0
89,user89@example.com,2024-11-02 00:30:00,2024-11-02 02:00:00,2024-11-02 02:17:00,2024-11-02 02:16:00,2.0
90,user90@example.com,2024-02-02 10:45:00,2024-02-02 11:00:00,2024-02-02 11:10:00,,11.0
91,user91@example.com,2025-01-26 23:39:00,2025-01-27 00:30:00,2025-01-27 00:41:00,,0.0
92,user92@example.com,2024-09-22 03:08:00,2024-09-22 03:55:00,,2024-09-22 04:02:00,3.5
93,user93@example.com,2024-06-30 00:26:00,,,,12.0
94,user94@example.com,2025-02-03 15:52:00,,,,12.0
95,user95@example.com,2024-04-15 01:57:00,2024-04-15 03:57:00,,2024-04-15 04:08:00,3.5
96,user96@example.com,2024-07-26 20:01:00,2024-07-26 21:05:00,2024-07-26 21:09:00,,21.0
97,user97@example.com,2025-01-20 11:37:00,2025-01-20 11:51:00,,,11.0
98,user98@example.com,2024-07-28 15:17:00,2024-07-28 16:28:00,,2024-07-28 16:30:00,16.0
99,user99@example.com,2024-05-24 10:59:00,,,,12.0
100,user100@example.com,2024-06-22 16:10:00,2024-06-22 17:49:00,2024-06-22 18:10:00,2024-06-22 17:51:00,17.333333333333332
101,user101@example.com,2024-03-19 12:45:00,2024-03-19 13:04:00,2024-03-19 13:23:00,2024-03-19 13:25:00,13.0
102,user102@example.com,2025-01-03 15:12:00,2025-01-03 16:08:00,,2025-01-03 16:11:00,16.0
103,user103@example.com,2025-02-05 01:43:00,2025-02-05 02:21:00,,2025-02-05 02:36:00,2.0
104,user104@example.com,2024-03-10 09:12:00,2024-03-10 09:33:00,,2024-03-10 09:46:00,9.0
105,user105@example.com,2024-09-25 05:07:00,2024-09-25 05:54:00,2024-09-25 06:13:00,2024-09-25 06:09:00,5.666666666666667
106,user106@example.com,2024-10-27 22:14:00,,,,12.0
107,user107@example.com,2024-09-27 00:34:00,2024-09-27 01:12:00,2024-09-27 01:13:00,2024-09-27 01:31:00,1.0
108,user108@example.com,2024-09-04 10:17:00,2024-09-04 10:43:00,,2024-09-04 10:51:00,10.0
109,user109@example.com,2024-08-23 02:56:00,,,,12.0
110,user110@example.com,2024-03-24 05:27:00,2024-03-24 05:56:00,,2024-03-24 06:13:00,5.5
111,user111@example.com,2025-01-22 03:39:00,2025-01-22 04:41:00,,2025-01-22 04:43:00,4.0
112,user112@example.com,2024-10-14 12:31:00,2024-10-14 13:46:00,2024-10-14 14:11:00,,13.5
113,user113@example.com,2024-03-25 19:10:00,2024-03-25 20:00:00,,2024-03-25 20:02:00,20.0
114,user114@example.com,2024-08-24 14:51:00,,,,12.0
115,user115@example.com,2024-06-13 01:57:00,2024-06-13 03:50:00,2024-06-13 04:12:00,,3.5
116,user116@example.com,2025-01-26 19:15:00,2025-01-26 19:29:00,2025-01-26 19:51:00,2025-01-26 19:50:00,19.0
117,user117@example.com,2025-01-20 11:04:00,,,,12.0
118,user118@example.com,2024-02-03 01:34:00,2024-02-03 01:38:00,2024-02-03 01:43:00,2024-02-03 01:40:00,1.0
119,user119@example.com,2025-01-01 06:42:00,2025-01-01 07:32:00,,,7.0
120,user120@example.com,2025-01-24 13:37:00,2025-01-24 15:12:00,2025-01-24 15:32:00,,15.0
121,user121@example.com,2024-04-13 22:56:00,2024-04-13 23:52:00,,2024-04-14 00:22:00,11.5
122,user122@example.com,2024-03-14 16:31:00,2024-03-14 18:23:00,,,18.0
123,user123@example.com,2024-05-25 03:50:00,2024-05-25 04:23:00,,2024-05-25 04:37:00,4.0
124,user124@example.com,2024-02-06 12:43:00,2024-02-06 13:54:00,2024-02-06 14:19:00,2024-02-06 14:09:00,13.666666666666666
125,user125@example.com,2024-01-06 07:28:00,,,,12.0
126,user126@example.com,2024-07-31 15:13:00,,,,12.0
127,user127@example.com,2024-07-06 22:06:00,2024-07-06 22:48:00,,2024-07-06 23:05:00,22.5
128,user128@example.com,2025-01-30 08:45:00,,,,12.0
129,user129@example.com,2024-07-01 05:42:00,2024-07-01 06:59:00,2024-07-01 07:26:00,2024-07-01 07:17:00,6.666666666666667
130,user130@example.com,2024-09-08 23:36:00,2024-09-09 00:45:00,,2024-09-09 00:48:00,0.0
131,user131@example.com,2024-11-17 05:36:00,2024-11-17 06:53:00,2024-11-17 06:55:00,2024-11-17 06:57:00,6.0
132,user132@example.com,2024-12-14 16:22:00,,,,12.0
133,user133@example.com,2024-08-09 20:00:00,2024-08-09 20:31:00,,2024-08-09 20:47:00,20.0
134,user134@example.com,2025-01-08 07:37:00,2025-01-08 08:21:00,2025-01-08 08:39:00,2025-01-08 08:41:00,8.0
135,user135@example.com,2025-02-12 23:18:00,,,,12.0
136,user136@example.com,2024-02-15 06:48:00,2024-02-15 07:11:00,,2024-02-15 07:19:00,7.0
137,user137@example.com,2024-05-15 23:42:00,2024-05-16 00:05:00,2024-05-16 00:33:00,,0.0
138,user138@example.com,2024-07-11 14:54:00,2024-07-11 15:30:00,2024-07-11 15:44:00,2024-07-11 15:56:00,15.0
139,user139@example.com,2024-04-23 06:40:00,2024-04-23 07:24:00,,,7.0
140,user140@example.com,2024-07-26 13:45:00,,,,12.0
141,user141@example.com,2024-05-20 05:35:00,,,,12.0
142,user142@example.com,2024-05-28 08:39:00,2024-05-28 08:50:00,,2024-05-28 08:57:00,8.0
143,user143@example.com,2024-08-21 20:27:00,2024-08-21 21:12:00,,2024-08-21 21:24:00,21.0
144,user144@example.com,2024-12-22 22:52:00,2024-12-23 00:00:00,,2024-12-23 00:28:00,0.0
145,user145@example.com,2024-08-01 09:39:00,2024-08-01 09:46:00,,2024-08-01 09:55:00,9.0
146,user146@example.com,2024-01-25 08:54:00,2024-01-25 10:47:00,2024-01-25 11:08:00,2024-01-25 11:04:00,10.666666666666666
147,user147@example.com,2025-02-03 14:30:00,2025-02-03 16:00:00,2025-02-03 16:06:00,2025-02-03 16:11:00,16.0
148,user148@example.com,2024-04-24 21:38:00,2024-04-24 22:06:00,,2024-04-24 22:30:00,22.0
149,user149@example.com,2024-10-22 19:04:00,2024-10-22 20:49:00,2024-10-22 21:11:00,2024-10-22 20:58:00,20.333333333333332
150,user150@example.com,2025-02-12 06:59:00,,,,12.0
151,user151@example.com,2024-07-24 19:21:00,2024-07-24 20:31:00,2024-07-24 20:39:00,,20.0
152,user152@example.com,2024-09-27 12:18:00,2024-09-27 12:21:00,,2024-09-27 12:42:00,12.0
153,user153@example.com,2024-08-08 09:25:00,,,,12.0
154,user154@example.com,2024-03-25 21:58:00,2024-03-25 23:51:00,2024-03-25 23:59:00,2024-03-25 23:58:00,23.0
155,user155@example.com,2024-04-11 08:53:00,,,,12.0
156,user156@example.com,2025-02-21 10:29:00,2025-02-21 12:29:00,,2025-02-21 12:40:00,12.0
157,user157@example.com,2025-01-10 02:18:00,2025-01-10 04:02:00,2025-01-10 04:17:00,2025-01-10 04:14:00,4.0
158,user158@example.com,2024-10-27 22:43:00,2024-10-28 00:05:00,,2024-10-28 00:35:00,0.0
159,user159@example.com,2024-08-17 08:33:00,2024-08-17 10:09:00,,,10.0
160,user160@example.com,2024-07-07 15:01:00,2024-07-07 15:51:00,2024-07-07 16:17:00,2024-07-07 16:02:00,15.666666666666666
161,user161@example.com,2024-11-15 06:21:00,2024-11-15 06:46:00,2024-11-15 06:56:00,,6.0
162,user162@example.com,2025-01-10 21:10:00,2025-01-10 21:17:00,,2025-01-10 21:33:00,21.0
163,user163@example.com,2024-02-23 01:00:00,2024-02-23 01:36:00,2024-02-23 02:00:00,2024-02-23 01:48:00,1.3333333333333333
164,user164@example.com,2024-08-28 11:33:00,2024-08-28 11:38:00,2024-08-28 12:08:00,2024-08-28 11:54:00,11.333333333333334
165,user165@example.com,2024-02-09 17:08:00,2024-02-09 19:07:00,,,19.0
166,user166@example.com,2024-04-17 11:49:00,2024-04-17 12:32:00,,2024-04-17 12:47:00,12.0
167,user167@example.com,2024-04-11 00:30:00,2024-04-11 00:58:00,2024-04-11 01:16:00,2024-04-11 01:20:00,0.6666666666666666
168,user168@example.com,2024-03-28 10:54:00,2024-03-28 12:13:00,,2024-03-28 12:22:00,12.0
169,user169@example.com,2024-12-01 15:13:00,2024-12-01 15:14:00,,2024-12-01 15:17:00,15.0
170,user170@example.com,2024-10-26 07:11:00,2024-10-26 07:56:00,,,7.0
171,user171@example.com,2024-10-23 11:53:00,,,,12.0
172,user172@example.com,2024-10-27 14:39:00,2024-10-27 14:46:00,,2024-10-27 15:09:00,14.5
173,user173@example.com,2024-12-13 16:08:00,2024-12-13 16:22:00,2024-12-13 16:28:00,2024-12-13 16:39:00,16.0
174,user174@example.com,2024-03-07 03:41:00,2024-03-07 03:54:00,,2024-03-07 04:15:00,3.5
175,user175@example.com,2024-06-30 07:27:00,,,,12.0
176,user176@example.com,2024-05-02 04:57:00,,,,12.0
177,user177@example.com,2024-05-26 07:54:00,2024-05-26 08:29:00,,,8.0
178,user178@example.com,2024-10-10 19:04:00,2024-10-10 20:39:00,,2024-10-10 20:41:00,20.0
179,user179@example.com,2024-02-18 19:54:00,2024-02-18 21:48:00,,2024-02-18 21:52:00,21.0
180,user180@example.com,2024-12-23 16:51:00,2024-12-23 17:10:00,,2024-12-23 17:33:00,17.0
181,user181@example.com,2024-06-11 14:35:00,2024-06-11 16:35:00,,2024-06-11 16:43:00,16.0
182,user182@example.com,2024-06-14 17:17:00,,,,12.0
183,user183@example.com,2024-11-22 11:41:00,2024-11-22 12:33:00,,2024-11-22 12:42:00,12.0
184,user184@example.com,2024-06-21 19:41:00,2024-06-21 20:28:00,,2024-06-21 20:30:00,20.0
185,user185@example.com,2024-07-04 01:24:00,2024-07-04 02:07:00,,2024-07-04 02:16:00,2.0
186,user186@example.com,2024-12-21 04:47:00,,,,12.0
187,user187@example.com,2024-05-19 07:08:00,2024-05-19 08:31:00,2024-05-19 08:37:00,2024-05-19 08:57:00,8.0
188,user188@example.com,2024-09-13 05:44:00,2024-09-13 06:08:00,,,6.0
189,user189@example.com,2024-05-06 19:57:00,2024-05-06 20:52:00,2024-05-06 21:05:00,2024-05-06 21:01:00,20.666666666666668
190,user190@example.com,2024-04-22 23:25:00,2024-04-22 23:42:00,,2024-04-22 23:58:00,23.0
191,user191@example.com,2024-03-02 11:34:00,,,,12.0
192,user192@example.com,2024-10-24 08:41:00,,,,12.0
193,user193@example.com,2024-03-24 15:05:00,,,,12.0
194,user194@example.com,2024-11-07 21:29:00,2024-11-07 23:28:00,,2024-11-07 23:37:00,23.0
195,user195@example.com,2024-07-16 10:50:00,2024-07-16 12:01:00,2024-07-16 12:22:00,2024-07-16 12:09:00,12.0
196,user196@example.com,2025-01-31 09:12:00,2025-01-31 10:39:00,2025-01-31 10:51:00,2025-01-31 10:45:00,10.0
197,user197@example.com,2024-09-14 03:13:00,2024-09-14 04:43:00,2024-09-14 04:48:00,2024-09-14 05:00:00,4.333333333333333
198,user198@example.com,2024-04-04 09:57:00,,,,12.0
199,user199@example.com,2024-04-07 06:38:00,,,,12.0
200,user200@example.com,2024-05-27 11:03:00,2024-05-27 12:11:00,2024-05-27 12:35:00,2024-05-27 12:28:00,12.0
201,user201@example.com,2024-09-13 02:01:00,,,,12.0
202,user202@example.com,2024-01-26 23:18:00,2024-01-27 00:43:00,,2024-01-27 00:45:00,0.0
203,user203@example.com,2024-01-22 18:05:00,2024-01-22 19:10:00,2024-01-22 19:16:00,2024-01-22 19:31:00,19.0
204,user204@example.com,2024-07-23 14:21:00,2024-07-23 15:18:00,,2024-07-23 15:32:00,15.0
205,user205@example.com,2024-10-26 12:28:00,,,,12.0
206,user206@example.com,2024-06-22 08:45:00,2024-06-22 10:35:00,,2024-06-22 10:45:00,10.0
207,user207@example.com,2024-12-11 23:07:00,2024-12-11 23:39:00,2024-12-12 00:03:00,2024-12-11 23:54:00,15.333333333333334
208,user208@example.com,2024-06-08 02:50:00,2024-06-08 04:21:00,2024-06-08 04:39:00,2024-06-08 04:24:00,4.0
209,user209@example.com,2024-06-19 19:07:00,2024-06-19 19:13:00,2024-06-19 19:33:00,,19.0
210,user210@example.com,2024-05-25 23:42:00,,,,12.0
211,user211@example.com,2025-01-27 18:14:00,,,,12.0
212,user212@example.com,2024-08-10 10:53:00,2024-08-10 11:55:00,,2024-08-10 12:25:00,11.5
213,user213@example.com,2024-03-11 21:11:00,2024-03-11 21:37:00,2024-03-11 21:44:00,2024-03-11 21:46:00,21.0
214,user214@example.com,2024-12-04 17:01:00,2024-12-04 18:54:00,2024-12-04 18:59:00,2024-12-04 19:13:00,18.333333333333332
215,user215@example.com,2024-08-12 04:44:00,,,,12.0
216,user216@example.com,2024-08-30 14:55:00,2024-08-30 16:51:00,2024-08-30 17:07:00,2024-08-30 16:55:00,16.333333333333332
217,user217@example.com,2024-05-09 07:42:00,2024-05-09 09:09:00,,,9.0
218,user218@example.com,2024-11-27 19:12:00,2024-11-27 19:29:00,,,19.0
219,user219@example.com,2024-12-12 23:42:00,2024-12-13 01:30:00,,2024-12-13 01:38:00,1.0
220,user220@example.com,2024-01-15 20:28:00,,,,12.0
221,user221@example.com,2025-01-02 16:19:00,2025-01-02 16:30:00,,2025-01-02 16:40:00,16.0
222,user222@example.com,2024-01-05 16:22:00,2024-01-05 17:21:00,2024-01-05 17:30:00,2024-01-05 17:26:00,17.0
223,user223@example.com,2024-04-28 05:22:00,2024-04-28 06:18:00,2024-04-28 06:43:00,,6.0
224,user224@example.com,2024-05-15 06:21:00,,,,12.0
225,user225@example.com,2025-02-19 00:13:00,,,,12.0
226,user226@example.com,2024-05-31 15:58:00,2024-05-31 16:22:00,2024-05-31 16:42:00,,16.0
227,user227@example.com,2025-01-23 08:21:00,2025-01-23 08:34:00,2025-01-23 08:50:00,2025-01-23 08:39:00,8.0
228,user228@example.com,2024-04-03 03:38:00,2024-04-03 04:37:00,,2024-04-03 05:00:00,4.5
229,user229@example.com,2024-09-17 17:38:00,2024-09-17 17:54:00,,2024-09-17 18:24:00,17.5
230,user230@example.com,2024-01-09 08:57:00,2024-01-09 10:30:00,,2024-01-09 10:35:00,10.0
231,user231@example.com,2025-01-11 11:43:00,2025-01-11 13:21:00,,2025-01-11 13:43:00,13.0
232,user232@example.com,2024-03-11 05:18:00,2024-03-11 06:32:00,,2024-03-11 06:46:00,6.0
233,user233@example.com,2024-04-12 16:20:00,2024-04-12 17:59:00,2024-04-12 18:06:00,2024-04-12 18:09:00,17.666666666666668
234,user234@example.com,2024-10-19 02:11:00,,,,12.0
235,user235@example.com,2024-05-23 17:00:00,2024-05-23 17:45:00,,,17.0
236,user236@example.com,2025-02-11 16:21:00,,,,12.0
237,user237@example.com,2024-03-24 17:01:00,2024-03-24 17:38:00,2024-03-24 17:45:00,2024-03-24 18:08:00,17.333333333333332
238,user238@example.com,2024-12-04 04:02:00,2024-12-04 05:34:00,,2024-12-04 05:57:00,5.0
239,user239@example.com,2024-12-17 09:58:00,2024-12-17 11:57:00,,2024-12-17 12:09:00,11.5
240,user240@example.com,2024-01-24 19:25:00,2024-01-24 19:56:00,,2024-01-24 20:09:00,19.5
241,user241@example.com,2025-01-12 14:13:00,2025-01-12 16:13:00,,2025-01-12 16:29:00,16.0
242,user242@example.com,2024-07-21 14:46:00,,,,12.0
243,user243@example.com,2024-06-25 01:36:00,2024-06-25 02:37:00,2024-06-25 02:53:00,2024-06-25 02:55:00,2.0
244,user244@example.com,2024-04-17 13:24:00,,,,12.0
245,user245@example.com,2024-10-06 14:41:00,2024-10-06 16:07:00,2024-10-06 16:22:00,2024-10-06 16:15:00,16.0
246,user246@example.com,2024-05-18 04:23:00,,,,12.0
247,user247@example.com,2024-01-22 17:48:00,2024-01-22 19:28:00,,,19.0
248,user248@example.com,2024-03-04 09:26:00,2024-03-04 11:01:00,,2024-03-04 11:26:00,11.0
249,user249@example.com,2024-05-30 17:51:00,2024-05-30 17:54:00,2024-05-30 18:02:00,2024-05-30 17:56:00,17.333333333333332
250,user250@example.com,2024-05-30 06:21:00,2024-05-30 07:26:00,,2024-05-30 07:48:00,7.0
251,user251@example.com,2024-05-30 08:54:00,2024-05-30 10:53:00,,2024-05-30 11:12:00,10.5
252,user252@example.com,2024-03-14 21:03:00,,,,12.0
253,user253@example.com,2024-07-20 21:32:00,2024-07-20 22:00:00,2024-07-20 22:17:00,2024-07-20 22:15:00,22.0
254,user254@example.com,2024-08-06 20:05:00,2024-08-06 21:10:00,,2024-08-06 21:18:00,21.0
255,user255@example.com,2024-11-20 06:43:00,,,,12.0
256,user256@example.com,2024-05-03 08:44:00,2024-05-03 09:54:00,2024-05-03 10:20:00,2024-05-03 10:14:00,9.666666666666666
257,user257@example.com,2024-02-20 17:12:00,2024-02-20 17:40:00,,,17.0
258,user258@example.com,2024-07-07 08:30:00,2024-07-07 09:56:00,,2024-07-07 10:19:00,9.5
259,user259@example.com,2024-02-06 14:40:00,2024-02-06 15:21:00,,2024-02-06 15:23:00,15.0
260,user260@example.com,2025-01-01 19:28:00,,,,12.0
261,user261@example.com,2025-01-16 03:28:00,2025-01-16 04:37:00,,,4.0
262,user262@example.com,2024-07-28 17:01:00,2024-07-28 17:13:00,2024-07-28 17:39:00,2024-07-28 17:21:00,17.0
263,user263@example.com,2024-02-27 04:27:00,,,,12.0
264,user264@example.com,2024-12-26 03:24:00,2024-12-26 05:14:00,,2024-12-26 05:16:00,5.0
265,user265@example.com,2024-04-02 03:48:00,2024-04-02 05:05:00,,2024-04-02 05:30:00,5.0
266,user266@example.com,2024-01-09 03:09:00,,,,12.0
267,user267@example.com,2024-10-02 02:53:00,2024-10-02 03:55:00,2024-10-02 04:08:00,2024-10-02 03:59:00,3.3333333333333335
268,user268@example.com,2025-02-28 01:21:00,2025-02-28 01:49:00,,,1.0
269,user269@example.com,2024-12-03 03:16:00,2024-12-03 05:06:00,,2024-12-03 05:14:00,5.0
270,user270@example.com,2024-04-24 03:29:00,2024-04-24 04:12:00,2024-04-24 04:31:00,,4.0
271,user271@example.com,2025-01-06 12:26:00,2025-01-06 13:50:00,2025-01-06 13:58:00,2025-01-06 14:05:00,13.333333333333334
272,user272@example.com,2024-01-31 17:04:00,2024-01-31 17:40:00,2024-01-31 17:47:00,,17.0
273,user273@example.com,2024-01-18 04:41:00,2024-01-18 05:09:00,,2024-01-18 05:22:00,5.0
274,user274@example.com,2024-01-31 17:59:00,2024-01-31 18:49:00,,2024-01-31 19:04:00,18.5
275,user275@example.com,2024-12-31 02:31:00,2024-12-31 03:07:00,2024-12-31 03:35:00,2024-12-31 03:15:00,3.0
276,user276@example.com,2024-01-14 05:03:00,2024-01-14 06:10:00,2024-01-14 06:23:00,,6.0
277,user277@example.com,2024-01-31 08:33:00,2024-01-31 08:56:00,2024-01-31 09:05:00,2024-01-31 09:14:00,8.666666666666666
278,user278@example.com,2024-03-26 16:13:00,,,,12.0
279,user279@example.com,2024-02-11 02:28:00,,,,12.0
280,user280@example.com,2024-06-10 20:35:00,2024-06-10 21:41:00,2024-06-10 22:05:00,2024-06-10 21:56:00,21.333333333333332
281,user281@example.com,2024-07-15 00:23:00,2024-07-15 01:05:00,,,1.0
282,user282@example.com,2024-03-13 21:21:00,,,,12.0
283,user283@example.com,2024-05-27 20:49:00,2024-05-27 21:52:00,,2024-05-27 21:56:00,21.0
284,user284@example.com,2024-10-24 20:32:00,2024-10-24 20:52:00,2024-10-24 20:59:00,,20.0
285,user285@example.com,2024-09-02 09:58:00,2024-09-02 11:07:00,,2024-09-02 11:12:00,11.0
286,user286@example.com,2024-07-23 05:28:00,2024-07-23 06:23:00,,2024-07-23 06:29:00,6.0
287,user287@example.com,2024-01-20 18:37:00,2024-01-20 19:41:00,2024-01-20 20:06:00,2024-01-20 20:07:00,19.666666666666668
288,user288@example.com,2024-11-11 13:34:00,,,,12.0
289,user289@example.com,2024-12-28 06:52:00,,,,12.0
290,user290@example.com,2024-10-05 11:23:00,2024-10-05 12:26:00,,2024-10-05 12:32:00,12.0
291,user291@example.com,2025-01-17 09:17:00,2025-01-17 10:48:00,,,10.0
292,user292@example.com,2024-05-02 15:58:00,2024-05-02 16:02:00,,2024-05-02 16:18:00,16.0
293,user293@example.com,2024-05-27 16:08:00,,,,12.0
294,user294@example.com,2024-04-04 06:57:00,,,,12.0
295,user295@example.com,2024-10-03 20:46:00,2024-10-03 22:24:00,2024-10-03 22:28:00,2024-10-03 22:38:00,22.0
296,user296@example.com,2024-07-22 18:20:00,2024-07-22 18:49:00,2024-07-22 19:04:00,,18.5
297,user297@example.com,2024-10-13 01:32:00,2024-10-13 02:34:00,2024-10-13 02:49:00,,2.0
298,user298@example.com,2025-02-20 02:07:00,2025-02-20 02:55:00,,2025-02-20 03:02:00,2.5
299,user299@example.com,2024-08-11 23:03:00,,,,12.0
300,user300@example.com,2024-12-15 00:23:00,2024-12-15 00:47:00,2024-12-15 00:57:00,,0.0
301,user301@example.com,2024-06-22 23:01:00,2024-06-22 23:24:00,2024-06-22 23:48:00,,23.0
302,user302@example.com,2024-05-06 21:06:00,2024-05-06 21:26:00,,2024-05-06 21:41:00,21.0
303,user303@example.com,2024-11-22 13:32:00,2024-11-22 13:52:00,,,13.0
304,user304@example.com,2024-04-27 07:11:00,2024-04-27 08:31:00,,,8.0
305,user305@example.com,2024-04-27 16:43:00,2024-04-27 17:26:00,2024-04-27 17:37:00,2024-04-27 17:53:00,17.0
306,user306@example.com,2024-03-22 00:41:00,2024-03-22 00:52:00,2024-03-22 01:15:00,2024-03-22 01:11:00,0.6666666666666666
307,user307@example.com,2024-12-20 19:20:00,2024-12-20 21:19:00,2024-12-20 21:36:00,,21.0
308,user308@example.com,2024-12-23 19:45:00,2024-12-23 20:36:00,,,20.0
309,user309@example.com,2024-10-14 23:02:00,2024-10-14 23:38:00,2024-10-15 00:00:00,,11.5
310,user310@example.com,2024-10-01 15:24:00,2024-10-01 17:18:00,,2024-10-01 17:29:00,17.0
311,user311@example.com,2024-07-29 00:33:00,,,,12.0
312,user312@example.com,2024-05-04 20:13:00,,,,12.0
313,user313@example.com,2025-02-07 08:26:00,,,,12.0
314,user314@example.com,2024-06-23 22:22:00,2024-06-23 23:19:00,,2024-06-23 23:26:00,23.0
315,user315@example.com,2024-04-24 05:46:00,2024-04-24 06:45:00,,2024-04-24 06:50:00,6.0
316,user316@example.com,2024-07-01 03:42:00,2024-07-01 04:06:00,,2024-07-01 04:14:00,4.0
317,user317@example.com,2024-01-07 21:46:00,2024-01-07 21:55:00,,2024-01-07 22:13:00,21.5
318,user318@example.com,2024-02-21 12:21:00,2024-02-21 14:14:00,2024-02-21 14:39:00,,14.0
319,user319@example.com,2025-01-25 19:38:00,2025-01-25 19:47:00,,2025-01-25 20:04:00,19.5
320,user320@example.com,2024-01-02 07:59:00,2024-01-02 09:45:00,,,9.0
321,user321@example.com,2024-10-07 10:55:00,2024-10-07 11:09:00,2024-10-07 11:19:00,,11.0
322,user322@example.com,2024-10-20 09:00:00,2024-10-20 10:34:00,,,10.0
323,user323@example.com,2024-01-10 22:21:00,2024-01-10 23:09:00,,2024-01-10 23:34:00,23.0
324,user324@example.com,2024-10-23 23:51:00,2024-10-24 00:44:00,2024-10-24 01:01:00,2024-10-24 00:46:00,0.3333333333333333
325,user325@example.com,2024-02-27 13:04:00,2024-02-27 13:10:00,,2024-02-27 13:24:00,13.0
326,user326@example.com,2024-01-23 15:33:00,2024-01-23 16:19:00,2024-01-23 16:38:00,2024-01-23 16:30:00,16.0
327,user327@example.com,2024-11-23 09:06:00,2024-11-23 09:07:00,2024-11-23 09:36:00,2024-11-23 09:28:00,9.0
328,user328@example.com,2024-05-02 16:35:00,2024-05-02 18:35:00,2024-05-02 18:47:00,,18.0
329,user329@example.com,2024-09-12 13:09:00,2024-09-12 15:02:00,,2024-09-12 15:26:00,15.0
330,user330@example.com,2025-02-06 03:00:00,2025-02-06 03:46:00,2025-02-06 04:07:00,2025-02-06 03:55:00,3.3333333333333335
331,user331@example.com,2024-09-30 16:11:00,2024-09-30 16:30:00,2024-09-30 16:39:00,2024-09-30 16:45:00,16.0
332,user332@example.com,2024-03-03 20:38:00,2024-03-03 20:58:00,2024-03-03 21:19:00,2024-03-03 20:59:00,20.333333333333332
333,user333@example.com,2025-02-06 12:09:00,2025-02-06 12:37:00,2025-02-06 12:44:00,,12.0
334,user334@example.com,2024-02-10 16:25:00,2024-02-10 17:19:00,2024-02-10 17:37:00,2024-02-10 17:22:00,17.0
335,user335@example.com,2025-02-03 03:21:00,2025-02-03 03:56:00,2025-02-03 03:59:00,2025-02-03 04:25:00,3.3333333333333335
336,user336@example.com,2024-12-07 02:24:00,2024-12-07 03:02:00,2024-12-07 03:24:00,2024-12-07 03:12:00,3.0
337,user337@example.com,2024-09-08 03:43:00,2024-09-08 04:54:00,2024-09-08 05:14:00,2024-09-08 05:11:00,4.666666666666667
338,user338@example.com,2025-01-08 23:45:00,2025-01-09 01:00:00,2025-01-09 01:16:00,,1.0
339,user339@example.com,2024-10-21 16:54:00,,,,12.0
340,user340@example.com,2024-09-26 19:38:00,,,,12.0
341,user341@example.com,2024-01-27 00:03:00,,,,12.0
342,user342@example.com,2024-12-13 11:24:00,2024-12-13 11:46:00,2024-12-13 12:16:00,2024-12-13 11:55:00,11.333333333333334
343,user343@example.com,2024-06-19 02:57:00,2024-06-19 04:11:00,2024-06-19 04:32:00,2024-06-19 04:26:00,4.0
344,user344@example.com,2024-05-05 09:35:00,2024-05-05 10:27:00,,2024-05-05 10:35:00,10.0
345,user345@example.com,2024-12-10 13:07:00,2024-12-10 13:10:00,,2024-12-10 13:33:00,13.0
346,user346@example.com,2024-03-04 00:06:00,2024-03-04 01:14:00,2024-03-04 01:22:00,2024-03-04 01:44:00,1.0
347,user347@example.com,2025-01-22 22:43:00,2025-01-22 23:26:00,2025-01-22 23:45:00,2025-01-22 23:47:00,23.0
348,user348@example.com,2024-04-23 07:25:00,,,,12.0
349,user349@example.com,2024-01-02 15:45:00,2024-01-02 16:34:00,,2024-01-02 16:37:00,16.0
350,user350@example.com,2024-06-26 01:22:00,,,,12.0
351,user351@example.com,2024-08-10 08:25:00,2024-08-10 08:47:00,2024-08-10 09:15:00,,8.5
352,user352@example.com,2024-05-30 13:33:00,,,,12.0
353,user353@example.com,2024-12-24 05:27:00,2024-12-24 06:37:00,2024-12-24 07:00:00,2024-12-24 06:48:00,6.333333333333333
354,user354@example.com,2024-01-10 16:58:00,2024-01-10 17:06:00,2024-01-10 17:22:00,,17.0
355,user355@example.com,2024-04-10 18:09:00,2024-04-10 19:05:00,,2024-04-10 19:13:00,19.0
356,user356@example.com,2024-08-05 10:20:00,2024-08-05 10:25:00,2024-08-05 10:54:00,2024-08-05 10:40:00,10.0
357,user357@example.com,2024-07-16 14:05:00,2024-07-16 14:22:00,2024-07-16 14:52:00,2024-07-16 14:35:00,14.0
358,user358@example.com,2024-06-22 23:51:00,2024-06-23 00:00:00,,2024-06-23 00:05:00,0.0
359,user359@example.com,2025-02-08 10:23:00,2025-02-08 11:53:00,,2025-02-08 12:18:00,11.5
360,user360@example.com,2024-05-09 08:10:00,2024-05-09 09:33:00,,2024-05-09 09:37:00,9.0
361,user361@example.com,2025-01-23 23:28:00,2025-01-23 23:29:00,,2025-01-23 23:40:00,23.0
362,user362@example.com,2025-02-22 11:09:00,,,,12.0
363,user363@example.com,2024-06-03 02:25:00,2024-06-03 03:21:00,2024-06-03 03:22:00,2024-06-03 03:25:00,3.0
364,user364@example.com,2025-02-08 16:01:00,2025-02-08 17:33:00,,2025-02-08 18:02:00,17.5
365,user365@example.com,2024-09-27 20:38:00,2024-09-27 21:18:00,,2024-09-27 21:19:00,21.0
366,user366@example.com,2025-02-16 20:29:00,2025-02-16 21:15:00,,,21.0
367,user367@example.com,2024-08-21 18:08:00,,,,12.0
368,user368@example.com,2024-01-21 13:29:00,2024-01-21 14:53:00,2024-01-21 15:17:00,,14.5
369,user369@example.com,2024-09-29 23:27:00,2024-09-30 00:57:00,2024-09-30 01:10:00,2024-09-30 01:06:00,0.6666666666666666
370,user370@example.com,2024-10-06 12:32:00,,,,12.0
371,user371@example.com,2024-01-30 11:13:00,2024-01-30 11:20:00,2024-01-30 11:30:00,2024-01-30 11:33:00,11.0
372,user372@example.com,2024-01-25 23:14:00,2024-01-25 23:26:00,2024-01-25 23:35:00,2024-01-25 23:30:00,23.0
373,user373@example.com,2024-08-12 23:49:00,,,,12.0
374,user374@example.com,2024-06-09 01:49:00,2024-06-09 02:40:00,2024-06-09 02:41:00,2024-06-09 02:47:00,2.0
375,user375@example.com,2024-12-22 12:14:00,,,,12.0
376,user376@example.com,2024-03-09 15:35:00,2024-03-09 17:32:00,,,17.0
377,user377@example.com,2025-02-17 21:39:00,2025-02-17 22:53:00,,2025-02-17 23:14:00,22.5
378,user378@example.com,2024-02-23 23:44:00,2024-02-24 00:54:00,2024-02-24 01:13:00,2024-02-24 01:20:00,0.6666666666666666
379,user379@example.com,2024-08-20 06:31:00,2024-08-20 08:19:00,2024-08-20 08:44:00,2024-08-20 08:37:00,8.0
380,user380@example.com,2025-01-11 04:37:00,2025-01-11 06:25:00,,2025-01-11 06:39:00,6.0
381,user381@example.com,2024-03-10 19:22:00,2024-03-10 20:50:00,2024-03-10 21:01:00,2024-03-10 20:57:00,20.333333333333332
382,user382@example.com,2024-07-14 17:53:00,2024-07-14 18:11:00,,2024-07-14 18:22:00,18.0
383,user383@example.com,2024-12-01 12:08:00,2024-12-01 13:02:00,2024-12-01 13:18:00,2024-12-01 13:31:00,13.0
384,user384@example.com,2024-01-06 19:33:00,,,,12.0
385,user385@example.com,2025-02-24 00:19:00,2025-02-24 01:34:00,,,1.0
386,user386@example.com,2024-04-06 15:05:00,2024-04-06 16:22:00,2024-04-06 16:23:00,2024-04-06 16:52:00,16.0
387,user387@example.com,2024-06-03 07:48:00,2024-06-03 08:16:00,2024-06-03 08:43:00,,8.0
388,user388@example.com,2024-11-30 15:20:00,,,,12.0
389,user389@example.com,2024-10-12 18:11:00,,,,12.0
390,user390@example.com,2024-08-19 21:25:00,2024-08-19 22:48:00,,2024-08-19 23:09:00,22.5
391,user391@example.com,2024-04-09 09:58:00,2024-04-09 10:11:00,2024-04-09 10:38:00,,10.0
392,user392@example.com,2024-01-05 21:59:00,2024-01-05 23:52:00,2024-01-06 00:01:00,2024-01-06 00:06:00,7.666666666666667
393,user393@example.com,2024-02-19 13:32:00,2024-02-19 14:25:00,,2024-02-19 14:38:00,14.0
394,user394@example.com,2024-08-05 03:39:00,2024-08-05 05:12:00,2024-08-05 05:37:00,2024-08-05 05:14:00,5.0
395,user395@example.com,2024-02-03 08:53:00,2024-02-03 09:37:00,,2024-02-03 09:42:00,9.0
396,user396@example.com,2024-05-26 03:33:00,2024-05-26 05:23:00,,2024-05-26 05:41:00,5.0
397,user397@example.com,2025-01-10 09:13:00,2025-01-10 10:28:00,2025-01-10 10:33:00,,10.0
398,user398@example.com,2024-08-12 20:48:00,2024-08-12 22:26:00,,2024-08-12 22:31:00,22.0
399,user399@example.com,2024-05-05 18:52:00,2024-05-05 20:33:00,2024-05-05 20:59:00,,20.0
400,user400@example.com,2024-04-21 07:48:00,2024-04-21 08:08:00,,2024-04-21 08:09:00,8.0
401,user401@example.com,2024-07-13 03:24:00,2024-07-13 03:37:00,2024-07-13 03:43:00,2024-07-13 03:49:00,3.0
402,user402@example.com,2024-11-14 14:22:00,2024-11-14 14:41:00,,2024-11-14 14:52:00,14.0
403,user403@example.com,2024-12-08 07:43:00,2024-12-08 08:21:00,,,8.0
404,user404@example.com,2024-01-05 01:03:00,2024-01-05 01:52:00,,,1.0
405,user405@example.com,2024-12-12 01:56:00,2024-12-12 03:31:00,,,3.0
406,user406@example.com,2024-11-22 02:23:00,2024-11-22 02:48:00,2024-11-22 02:54:00,2024-11-22 02:55:00,2.0
407,user407@example.com,2024-06-19 19:17:00,2024-06-19 20:43:00,,2024-06-19 20:55:00,20.0
408,user408@example.com,2025-01-31 15:43:00,2025-01-31 16:29:00,,2025-01-31 16:38:00,16.0
409,user409@example.com,2024-01-20 00:36:00,2024-01-20 01:09:00,2024-01-20 01:17:00,2024-01-20 01:23:00,1.0
410,user410@example.com,2024-08-07 23:20:00,2024-08-08 00:36:00,2024-08-08 00:45:00,2024-08-08 00:38:00,0.0
411,user411@example.com,2024-12-05 19:22:00,2024-12-05 21:17:00,,2024-12-05 21:33:00,21.0
412,user412@example.com,2024-03-25 00:45:00,2024-03-25 02:23:00,,2024-03-25 02:40:00,2.0
413,user413@example.com,2024-12-20 01:55:00,2024-12-20 03:02:00,,2024-12-20 03:11:00,3.0
414,user414@example.com,2025-02-16 18:09:00,2025-02-16 18:31:00,2025-02-16 19:01:00,2025-02-16 18:41:00,18.333333333333332
415,user415@example.com,2024-11-26 10:55:00,2024-11-26 12:36:00,2024-11-26 12:58:00,,12.0
416,user416@example.com,2024-07-11 04:31:00,2024-07-11 04:43:00,,2024-07-11 04:54:00,4.0
417,user417@example.com,2024-02-22 06:52:00,2024-02-22 06:59:00,2024-02-22 07:01:00,,6.5
418,user418@example.com,2024-04-24 09:34:00,2024-04-24 11:13:00,,2024-04-24 11:16:00,11.0
419,user419@example.com,2024-11-08 06:55:00,2024-11-08 08:27:00,2024-11-08 08:42:00,2024-11-08 08:35:00,8.0
420,user420@example.com,2024-01-18 07:07:00,2024-01-18 08:20:00,2024-01-18 08:42:00,2024-01-18 08:45:00,8.0
421,user421@example.com,2024-11-25 07:31:00,2024-11-25 07:34:00,,2024-11-25 08:04:00,7.5
422,user422@example.com,2024-03-25 23:39:00,2024-03-26 00:34:00,,2024-03-26 00:49:00,0.0
423,user423@example.com,2024-02-06 00:31:00,,,,12.0
424,user424@example.com,2024-01-29 09:45:00,2024-01-29 10:22:00,,2024-01-29 10:24:00,10.0
425,user425@example.com,2024-05-02 10:36:00,2024-05-02 12:11:00,2024-05-02 12:29:00,2024-05-02 12:25:00,12.0
426,user426@example.com,2025-02-04 23:40:00,2025-02-05 00:53:00,2025-02-05 01:12:00,,0.5
427,user427@example.com,2024-02-18 12:51:00,2024-02-18 13:35:00,2024-02-18 13:39:00,2024-02-18 13:37:00,13.0
428,user428@example.com,2024-08-08 20:25:00,2024-08-08 21:39:00,,,21.0
429,user429@example.com,2024-06-17 04:36:00,2024-06-17 05:43:00,,,5.0
430,user430@example.com,2024-07-18 06:46:00,,,,12.0
431,user431@example.com,2024-08-04 03:37:00,2024-08-04 04:33:00,2024-08-04 05:00:00,2024-08-04 04:48:00,4.333333333333333
432,user432@example.com,2024-09-28 11:57:00,2024-09-28 12:05:00,2024-09-28 12:30:00,2024-09-28 12:12:00,12.0
433,user433@example.com,2024-03-28 13:32:00,2024-03-28 15:03:00,2024-03-28 15:04:00,2024-03-28 15:30:00,15.0
434,user434@example.com,2024-01-23 14:15:00,,,,12.0
435,user435@example.com,2024-03-02 06:20:00,2024-03-02 08:07:00,,,8.0
436,user436@example.com,2024-07-15 05:45:00,2024-07-15 06:54:00,,,6.0
437,user437@example.com,2024-01-15 21:49:00,2024-01-15 21:52:00,2024-01-15 21:53:00,,21.0
438,user438@example.com,2024-06-16 00:30:00,2024-06-16 00:54:00,,2024-06-16 01:08:00,0.5
439,user439@example.com,2025-01-09 01:23:00,,,,12.0
440,user440@example.com,2024-02-22 19:40:00,2024-02-22 20:14:00,2024-02-22 20:28:00,2024-02-22 20:17:00,20.0
441,user441@example.com,2024-01-15 18:31:00,2024-01-15 18:42:00,,2024-01-15 18:54:00,18.0
442,user442@example.com,2024-01-04 02:04:00,2024-01-04 03:17:00,,2024-01-04 03:30:00,3.0
443,user443@example.com,2024-02-13 16:54:00,2024-02-13 17:48:00,,,17.0
444,user444@example.com,2025-01-18 08:37:00,2025-01-18 08:40:00,2025-01-18 08:44:00,2025-01-18 08:44:00,8.0
445,user445@example.com,2024-09-20 08:26:00,,,,12.0
446,user446@example.com,2025-01-31 23:13:00,,,,12.0
447,user447@example.com,2024-12-06 15:11:00,,,,12.0
448,user448@example.com,2024-02-14 12:40:00,2024-02-14 14:10:00,2024-02-14 14:30:00,,14.0
449,user449@example.com,2024-08-07 04:59:00,2024-08-07 06:08:00,2024-08-07 06:29:00,2024-08-07 06:20:00,6.0
450,user450@example.com,2024-02-01 21:22:00,,,,12.0
451,user451@example.com,2024-02-18 02:13:00,2024-02-18 02:16:00,,,2.0
452,user452@example.com,2024-01-04 09:03:00,,,,12.0
453,user453@example.com,2024-10-12 20:42:00,2024-10-12 21:58:00,,,21.0
454,user454@example.com,2024-08-23 14:22:00,,,,12.0
455,user455@example.com,2025-02-24 20:22:00,2025-02-24 22:01:00,2025-02-24 22:16:00,,22.0
456,user456@example.com,2024-02-04 20:27:00,2024-02-04 22:03:00,,2024-02-04 22:07:00,22.0
457,user457@example.com,2024-08-03 05:32:00,2024-08-03 07:16:00,,,7.0
458,user458@example.com,2024-04-23 23:00:00,2024-04-24 00:04:00,,,0.0
459,user459@example.com,2024-04-12 15:37:00,2024-04-12 16:39:00,2024-04-12 16:49:00,2024-04-12 16:46:00,16.0
460,user460@example.com,2024-07-01 04:03:00,2024-07-01 04:31:00,,2024-07-01 04:51:00,4.0
461,user461@example.com,2024-07-19 11:47:00,2024-07-19 12:44:00,2024-07-19 12:51:00,,12.0
462,user462@example.com,2024-12-28 19:44:00,2024-12-28 21:12:00,2024-12-28 21:17:00,,21.0
463,user463@example.com,2024-11-20 23:26:00,2024-11-21 01:13:00,,2024-11-21 01:36:00,1.0
464,user464@example.com,2024-05-28 10:47:00,2024-05-28 11:11:00,,2024-05-28 11:36:00,11.0
465,user465@example.com,2024-04-11 17:42:00,2024-04-11 19:15:00,2024-04-11 19:40:00,2024-04-11 19:44:00,19.0
466,user466@example.com,2024-07-29 06:04:00,2024-07-29 08:03:00,,2024-07-29 08:27:00,8.0
467,user467@example.com,2024-06-02 10:42:00,2024-06-02 11:40:00,,2024-06-02 11:52:00,11.0
468,user468@example.com,2024-08-13 08:12:00,,,,12.0
469,user469@example.com,2024-11-03 11:04:00,2024-11-03 12:10:00,2024-11-03 12:35:00,2024-11-03 12:37:00,12.0
470,user470@example.com,2024-03-06 17:25:00,2024-03-06 18:12:00,,,18.0
471,user471@example.com,2024-05-30 12:53:00,2024-05-30 14:52:00,,,14.0
472,user472@example.com,2024-07-03 14:52:00,,,,12.0
473,user473@example.com,2024-10-06 20:29:00,,,,12.0
474,user474@example.com,2024-05-06 08:24:00,2024-05-06 09:14:00,2024-05-06 09:37:00,2024-05-06 09:15:00,9.0
475,user475@example.com,2024-07-02 03:56:00,2024-07-02 04:30:00,2024-07-02 04:40:00,2024-07-02 04:50:00,4.0
476,user476@example.com,2024-12-02 08:01:00,,,,12.0
477,user477@example.com,2024-11-23 23:11:00,,,,12.0
478,user478@example.com,2024-02-27 01:51:00,2024-02-27 02:41:00,2024-02-27 02:53:00,2024-02-27 02:42:00,2.0
479,user479@example.com,2024-02-01 04:57:00,,,,12.0
480,user480@example.com,2024-04-30 14:55:00,2024-04-30 15:53:00,,,15.0
481,user481@example.com,2024-12-06 08:32:00,2024-12-06 08:48:00,2024-12-06 09:00:00,2024-12-06 08:52:00,8.333333333333334
482,user482@example.com,2024-03-04 11:49:00,2024-03-04 13:27:00,,2024-03-04 13:29:00,13.0
483,user483@example.com,2025-01-10 21:26:00,2025-01-10 22:09:00,,2025-01-10 22:16:00,22.0
484,user484@example.com,2024-10-14 23:03:00,2024-10-15 00:35:00,,2024-10-15 00:51:00,0.0
485,user485@example.com,2024-12-05 19:45:00,2024-12-05 20:48:00,,,20.0
486,user486@example.com,2024-07-14 12:58:00,2024-07-14 14:17:00,2024-07-14 14:47:00,,14.0
487,user487@example.com,2024-10-20 06:30:00,,,,12.0
488,user488@example.com,2024-05-15 11:19:00,2024-05-15 12:36:00,,2024-05-15 12:40:00,12.0
489,user489@example.com,2024-02-16 09:33:00,2024-02-16 10:40:00,2024-02-16 10:46:00,2024-02-16 11:06:00,10.333333333333334
490,user490@example.com,2024-11-02 01:06:00,2024-11-02 02:47:00,,2024-11-02 02:53:00,2.0
491,user491@example.com,2024-05-20 10:23:00,2024-05-20 11:21:00,,2024-05-20 11:32:00,11.0
492,user492@example.com,2024-10-28 00:18:00,2024-10-28 01:43:00,2024-10-28 01:56:00,,1.0
493,user493@example.com,2024-02-22 15:37:00,2024-02-22 17:31:00,,2024-02-22 17:45:00,17.0
494,user494@example.com,2025-01-02 07:35:00,2025-01-02 07:52:00,,,7.0
495,user495@example.com,2024-03-08 06:08:00,,,,12.0
496,user496@example.com,2024-09-03 22:50:00,2024-09-04 00:11:00,2024-09-04 00:34:00,2024-09-04 00:26:00,0.0
497,user497@example.com,2024-03-12 08:17:00,2024-03-12 09:16:00,2024-03-12 09:26:00,2024-03-12 09:24:00,9.0
498,user498@example.com,2024-05-02 07:48:00,2024-05-02 08:07:00,,2024-05-02 08:12:00,8.0
499,user499@example.com,2024-12-29 17:34:00,2024-12-29 19:21:00,2024-12-29 19:41:00,2024-12-29 19:35:00,19.0
500,user500@example.com,2024-05-06 18:14:00,2024-05-06 18:47:00,,,18.0
501,user501@example.com,2024-08-08 21:19:00,,,,12.0
502,user502@example.com,2024-05-28 05:38:00,2024-05-28 06:58:00,,,6.0
503,user503@example.com,2024-07-19 15:41:00,2024-07-19 16:39:00,2024-07-19 17:05:00,2024-07-19 16:47:00,16.333333333333332
504,user504@example.com,2024-03-25 13:49:00,2024-03-25 14:45:00,,,14.0
505,user505@example.com,2024-04-03 01:50:00,2024-04-03 03:19:00,,2024-04-03 03:44:00,3.0
506,user506@example.com,2024-02-21 22:11:00,2024-02-21 22:55:00,2024-02-21 22:59:00,2024-02-21 23:04:00,22.333333333333332
507,user507@example.com,2024-10-14 02:07:00,2024-10-14 03:01:00,2024-10-14 03:24:00,,3.0
508,user508@example.com,2024-09-18 19:47:00,2024-09-18 21:35:00,2024-09-18 22:05:00,2024-09-18 21:39:00,21.333333333333332
509,user509@example.com,2024-02-22 08:24:00,2024-02-22 09:35:00,2024-02-22 10:05:00,,9.5
510,user510@example.com,2025-02-11 14:44:00,2025-02-11 15:45:00,,2025-02-11 15:51:00,15.0
511,user511@example.com,2024-09-03 02:27:00,2024-09-03 03:52:00,2024-09-03 03:56:00,2024-09-03 04:08:00,3.3333333333333335
512,user512@example.com,2024-09-05 12:01:00,2024-09-05 12:35:00,2024-09-05 12:50:00,2024-09-05 12:44:00,12.0
513,user513@example.com,2024-09-29 01:20:00,,,,12.0
514,user514@example.com,2024-02-25 10:46:00,2024-02-25 11:14:00,2024-02-25 11:32:00,,11.0
515,user515@example.com,2024-02-13 05:57:00,2024-02-13 07:31:00,2024-02-13 07:55:00,2024-02-13 07:35:00,7.0
516,user516@example.com,2024-04-11 02:53:00,2024-04-11 03:08:00,2024-04-11 03:27:00,,3.0
517,user517@example.com,2025-02-15 19:17:00,2025-02-15 20:50:00,,,20.0
518,user518@example.com,2024-12-26 17:48:00,2024-12-26 18:53:00,2024-12-26 19:02:00,2024-12-26 19:15:00,18.666666666666668
519,user519@example.com,2025-02-12 04:24:00,,,,12.0
520,user520@example.com,2024-05-08 13:01:00,2024-05-08 13:24:00,,2024-05-08 13:54:00,13.0
521,user521@example.com,2025-02-14 00:05:00,2025-02-14 01:10:00,2025-02-14 01:22:00,2025-02-14 01:15:00,1.0
522,user522@example.com,2024-10-07 11:38:00,2024-10-07 12:11:00,2024-10-07 12:25:00,2024-10-07 12:38:00,12.0
523,user523@example.com,2024-08-19 05:53:00,2024-08-19 06:20:00,,,6.0
524,user524@example.com,2024-04-03 17:03:00,2024-04-03 17:32:00,2024-04-03 17:38:00,2024-04-03 17:37:00,17.0
525,user525@example.com,2024-02-02 17:22:00,2024-02-02 18:29:00,,2024-02-02 18:34:00,18.0
526,user526@example.com,2024-06-29 13:31:00,2024-06-29 14:41:00,2024-06-29 14:46:00,2024-06-29 15:08:00,14.333333333333334
527,user527@example.com,2025-02-15 00:54:00,2025-02-15 01:22:00,2025-02-15 01:26:00,2025-02-15 01:32:00,1.0
528,user528@example.com,2024-10-22 05:53:00,2024-10-22 06:00:00,2024-10-22 06:10:00,2024-10-22 06:27:00,6.0
529,user529@example.com,2024-11-24 13:12:00,2024-11-24 14:55:00,,2024-11-24 15:19:00,14.5
530,user530@example.com,2024-08-27 15:05:00,2024-08-27 15:15:00,2024-08-27 15:28:00,,15.0
531,user531@example.com,2024-08-06 17:15:00,2024-08-06 18:13:00,,2024-08-06 18:15:00,18.0
532,user532@example.com,2024-12-10 00:08:00,2024-12-10 01:03:00,,2024-12-10 01:25:00,1.0
533,user533@example.com,2024-07-01 11:05:00,2024-07-01 12:05:00,,2024-07-01 12:07:00,12.0
534,user534@example.com,2024-01-01 23:03:00,2024-01-01 23:25:00,,2024-01-01 23:33:00,23.0
535,user535@example.com,2024-11-23 14:36:00,,,,12.0
536,user536@example.com,2024-04-11 23:06:00,2024-04-11 23:44:00,2024-04-12 00:07:00,2024-04-12 00:00:00,7.666666666666667
537,user537@example.com,2024-11-27 09:27:00,2024-11-27 11:15:00,,,11.0
538,user538@example.com,2024-03-30 07:17:00,2024-03-30 09:01:00,,,9.0
539,user539@example.com,2024-11-27 13:33:00,2024-11-27 15:30:00,,2024-11-27 15:43:00,15.0
540,user540@example.com,2024-03-03 11:23:00,2024-03-03 12:38:00,,2024-03-03 13:07:00,12.5
541,user541@example.com,2024-04-16 15:02:00,2024-04-16 15:13:00,,2024-04-16 15:35:00,15.0
542,user542@example.com,2025-01-12 08:13:00,2025-01-12 09:24:00,,,9.0
543,user543@example.com,2024-08-11 01:02:00,2024-08-11 01:39:00,2024-08-11 01:48:00,2024-08-11 02:07:00,1.3333333333333333
544,user544@example.com,2024-12-01 19:13:00,2024-12-01 20:26:00,,2024-12-01 20:27:00,20.0
545,user545@example.com,2024-08-30 10:34:00,2024-08-30 11:47:00,,2024-08-30 12:06:00,11.5
546,user546@example.com,2024-06-04 16:56:00,2024-06-04 17:53:00,2024-06-04 17:55:00,,17.0
547,user547@example.com,2024-01-31 13:25:00,2024-01-31 13:50:00,,2024-01-31 14:10:00,13.5
548,user548@example.com,2024-07-14 20:55:00,2024-07-14 21:04:00,,,21.0
549,user549@example.com,2024-02-25 23:34:00,2024-02-26 00:50:00,,2024-02-26 01:17:00,0.5
550,user550@example.com,2024-11-01 16:11:00,2024-11-01 17:15:00,2024-11-01 17:28:00,2024-11-01 17:29:00,17.0
551,user551@example.com,2025-01-23 10:24:00,2025-01-23 11:22:00,,,11.0
552,user552@example.com,2024-04-13 23:52:00,,,,12.0
553,user553@example.com,2024-11-25 06:44:00,,,,12.0
554,user554@example.com,2024-12-30 02:49:00,2024-12-30 03:23:00,,,3.0
555,user555@example.com,2024-08-17 19:27:00,2024-08-17 21:27:00,2024-08-17 21:31:00,2024-08-17 21:48:00,21.0
556,user556@example.com,2024-09-23 15:06:00,2024-09-23 16:24:00,2024-09-23 16:53:00,2024-09-23 16:32:00,16.0
557,user557@example.com,2025-01-29 15:31:00,2025-01-29 15:53:00,,2025-01-29 16:19:00,15.5
558,user558@example.com,2024-09-28 22:18:00,2024-09-28 23:20:00,,2024-09-28 23:42:00,23.0
559,user559@example.com,2024-05-09 19:25:00,2024-05-09 20:28:00,2024-05-09 20:56:00,2024-05-09 20:52:00,20.0
560,user560@example.com,2025-01-18 01:22:00,2025-01-18 02:29:00,,2025-01-18 02:30:00,2.0
561,user561@example.com,2024-04-07 00:42:00,2024-04-07 00:53:00,2024-04-07 01:11:00,2024-04-07 00:56:00,0.3333333333333333
562,user562@example.com,2024-01-17 08:47:00,2024-01-17 09:36:00,,2024-01-17 09:49:00,9.0
563,user563@example.com,2024-04-24 02:11:00,2024-04-24 03:12:00,,2024-04-24 03:30:00,3.0
564,user564@example.com,2024-07-16 07:06:00,2024-07-16 08:46:00,,2024-07-16 09:01:00,8.5
565,user565@example.com,2024-04-01 07:03:00,2024-04-01 08:30:00,2024-04-01 08:54:00,2024-04-01 08:40:00,8.0
566,user566@example.com,2024-03-07 22:07:00,2024-03-08 00:02:00,,2024-03-08 00:32:00,0.0
567,user567@example.com,2024-01-19 03:33:00,2024-01-19 03:58:00,2024-01-19 04:06:00,2024-01-19 04:01:00,3.6666666666666665
568,user568@example.com,2024-11-04 00:02:00,2024-11-04 00:18:00,2024-11-04 00:19:00,2024-11-04 00:28:00,0.0
569,user569@example.com,2024-05-02 09:07:00,,,,12.0
570,user570@example.com,2024-03-26 03:32:00,2024-03-26 04:43:00,2024-03-26 04:59:00,2024-03-26 05:09:00,4.333333333333333
571,user571@example.com,2024-02-20 23:41:00,2024-02-21 00:20:00,2024-02-21 00:46:00,2024-02-21 00:39:00,0.0
572,user572@example.com,2024-04-02 09:36:00,2024-04-02 10:18:00,2024-04-02 10:29:00,2024-04-02 10:48:00,10.0
573,user573@example.com,2024-08-20 05:01:00,2024-08-20 05:37:00,,,5.0
574,user574@example.com,2024-09-03 18:54:00,2024-09-03 20:39:00,,2024-09-03 21:06:00,20.5
575,user575@example.com,2024-02-21 08:14:00,,,,12.0
576,user576@example.com,2024-05-16 05:36:00,,,,12.0
577,user577@example.com,2024-10-02 17:11:00,2024-10-02 17:28:00,,,17.0
578,user578@example.com,2024-01-07 08:18:00,2024-01-07 09:33:00,2024-01-07 09:47:00,,9.0
579,user579@example.com,2024-03-11 23:08:00,2024-03-12 00:05:00,,,0.0
580,user580@example.com,2024-04-11 09:27:00,,,,12.0
581,user581@example.com,2024-01-01 12:54:00,2024-01-01 14:27:00,2024-01-01 14:52:00,,14.0
582,user582@example.com,2024-12-03 02:00:00,,,,12.0
583,user583@example.com,2024-08-04 09:06:00,2024-08-04 10:48:00,2024-08-04 11:01:00,2024-08-04 11:11:00,10.666666666666666
584,user584@example.com,2025-02-24 09:12:00,,,,12.0
585,user585@example.com,2025-02-14 14:08:00,2025-02-14 15:18:00,,2025-02-14 15:22:00,15.0
586,user586@example.com,2024-04-12 18:20:00,2024-04-12 18:56:00,2024-04-12 19:22:00,2024-04-12 19:05:00,18.666666666666668
587,user587@example.com,2024-06-04 03:16:00,2024-06-04 04:01:00,,2024-06-04 04:04:00,4.0
588,user588@example.com,2024-03-01 11:45:00,2024-03-01 12:01:00,2024-03-01 12:27:00,2024-03-01 12:15:00,12.0
589,user589@example.com,2024-07-09 11:32:00,2024-07-09 12:46:00,2024-07-09 13:14:00,2024-07-09 13:07:00,12.666666666666666
590,user590@example.com,2024-12-28 14:09:00,2024-12-28 15:11:00,,,15.0
591,user591@example.com,2024-06-16 01:03:00,,,,12.0
592,user592@example.com,2024-05-23 18:43:00,2024-05-23 20:18:00,,2024-05-23 20:36:00,20.0
593,user593@example.com,2024-04-04 01:14:00,2024-04-04 03:03:00,2024-04-04 03:11:00,,3.0
594,user594@example.com,2024-12-05 13:34:00,2024-12-05 13:43:00,,2024-12-05 14:00:00,13.5
595,user595@example.com,2024-08-23 12:46:00,2024-08-23 14:28:00,2024-08-23 14:53:00,2024-08-23 14:33:00,14.0
596,user596@example.com,2024-11-26 06:07:00,,,,12.0
597,user597@example.com,2024-05-31 07:46:00,2024-05-31 09:01:00,2024-05-31 09:23:00,2024-05-31 09:05:00,9.0
598,user598@example.com,2024-02-22 21:32:00,2024-02-22 21:53:00,2024-02-22 22:09:00,,21.5
599,user599@example.com,2024-10-09 10:10:00,2024-10-09 10:15:00,2024-10-09 10:23:00,,10.0
600,user600@example.com,2025-01-28 08:45:00,2025-01-28 08:47:00,,2025-01-28 08:59:00,8.0
601,user601@example.com,2024-02-14 07:02:00,2024-02-14 08:31:00,,2024-02-14 09:00:00,8.5
602,user602@example.com,2024-09-04 14:53:00,2024-09-04 15:43:00,2024-09-04 16:13:00,,15.5
603,user603@example.com,2025-01-29 10:38:00,2025-01-29 12:26:00,,2025-01-29 12:31:00,12.0
604,user604@example.com,2024-01-01 16:38:00,2024-01-01 18:08:00,,2024-01-01 18:29:00,18.0
605,user605@example.com,2024-12-16 10:22:00,2024-12-16 10:24:00,2024-12-16 10:26:00,,10.0
606,user606@example.com,2024-04-18 20:38:00,2024-04-18 21:45:00,,2024-04-18 21:52:00,21.0
607,user607@example.com,2024-01-06 19:40:00,2024-01-06 20:21:00,,2024-01-06 20:44:00,20.0
608,user608@example.com,2025-02-14 06:54:00,,,,12.0
609,user609@example.com,2024-10-22 07:41:00,2024-10-22 07:58:00,2024-10-22 08:13:00,2024-10-22 08:18:00,7.666666666666667
610,user610@example.com,2024-04-23 11:24:00,2024-04-23 13:08:00,,2024-04-23 13:30:00,13.0
611,user611@example.com,2024-04-23 21:54:00,2024-04-23 22:53:00,2024-04-23 22:58:00,2024-04-23 22:55:00,22.0
612,user612@example.com,2024-07-15 16:02:00,2024-07-15 17:11:00,,,17.0
613,user613@example.com,2024-12-16 15:43:00,2024-12-16 16:03:00,,2024-12-16 16:07:00,16.0
614,user614@example.com,2024-02-10 00:46:00,2024-02-10 01:33:00,,,1.0
615,user615@example.com,2025-01-04 12:17:00,2025-01-04 12:57:00,,2025-01-04 13:06:00,12.5
616,user616@example.com,2024-03-20 17:19:00,2024-03-20 18:37:00,,,18.0
617,user617@example.com,2024-10-11 12:12:00,2024-10-11 14:11:00,2024-10-11 14:18:00,,14.0
618,user618@example.com,2024-11-24 18:55:00,2024-11-24 20:30:00,2024-11-24 20:53:00,,20.0
619,user619@example.com,2024-05-09 05:54:00,2024-05-09 07:17:00,,2024-05-09 07:40:00,7.0
620,user620@example.com,2024-07-30 05:03:00,2024-07-30 06:26:00,,2024-07-30 06:55:00,6.0
621,user621@example.com,2024-01-05 09:49:00,2024-01-05 11:10:00,2024-01-05 11:20:00,2024-01-05 11:25:00,11.0
622,user622@example.com,2024-06-02 15:49:00,,,,12.0
623,user623@example.com,2024-04-16 09:00:00,2024-04-16 09:47:00,,,9.0
624,user624@example.com,2024-09-29 20:28:00,2024-09-29 21:58:00,2024-09-29 22:05:00,,21.5
625,user625@example.com,2025-01-18 18:26:00,,,,12.0
626,user626@example.com,2024-12-30 16:16:00,2024-12-30 16:29:00,,,16.0
627,user627@example.com,2024-08-26 10:44:00,,,,12.0
628,user628@example.com,2024-11-30 02:31:00,2024-11-30 03:02:00,2024-11-30 03:20:00,2024-11-30 03:28:00,3.0
629,user629@example.com,2024-10-06 00:48:00,2024-10-06 01:16:00,,2024-10-06 01:18:00,1.0
630,user630@example.com,2024-06-09 12:58:00,2024-06-09 14:18:00,2024-06-09 14:29:00,2024-06-09 14:48:00,14.0
631,user631@example.com,2024-08-13 21:24:00,2024-08-13 22:21:00,,2024-08-13 22:26:00,22.0
632,user632@example.com,2024-10-13 00:16:00,2024-10-13 01:24:00,,2024-10-13 01:38:00,1.0
633,user633@example.com,2024-12-19 07:27:00,2024-12-19 08:12:00,2024-12-19 08:32:00,2024-12-19 08:24:00,8.0
634,user634@example.com,2025-02-01 05:10:00,2025-02-01 05:39:00,2025-02-01 06:00:00,2025-02-01 05:59:00,5.333333333333333
635,user635@example.com,2025-01-08 19:24:00,,,,12.0
636,user636@example.com,2024-09-04 11:25:00,2024-09-04 12:32:00,,,12.0
637,user637@example.com,2025-01-22 17:47:00,2025-01-22 19:37:00,2025-01-22 19:44:00,,19.0
638,user638@example.com,2024-09-29 02:53:00,2024-09-29 04:49:00,,2024-09-29 04:50:00,4.0
639,user639@example.com,2024-06-13 22:59:00,2024-06-13 23:16:00,2024-06-13 23:41:00,2024-06-13 23:31:00,23.0
640,user640@example.com,2025-01-29 16:23:00,2025-01-29 16:35:00,,2025-01-29 17:05:00,16.5
641,user641@example.com,2024-10-22 21:59:00,2024-10-22 23:01:00,2024-10-22 23:09:00,2024-10-22 23:03:00,23.0
642,user642@example.com,2024-05-03 02:45:00,2024-05-03 03:04:00,,2024-05-03 03:17:00,3.0
643,user643@example.com,2024-06-28 03:56:00,2024-06-28 04:28:00,,2024-06-28 04:35:00,4.0
644,user644@example.com,2024-02-26 07:38:00,2024-02-26 09:38:00,2024-02-26 10:06:00,,9.5
645,user645@example.com,2024-03-17 18:45:00,2024-03-17 20:31:00,2024-03-17 20:42:00,2024-03-17 20:32:00,20.0
646,user646@example.com,2024-06-30 05:53:00,,,,12.0
647,user647@example.com,2024-03-11 16:09:00,2024-03-11 17:46:00,2024-03-11 18:06:00,,17.5
648,user648@example.com,2024-12-01 04:35:00,2024-12-01 05:25:00,2024-12-01 05:32:00,2024-12-01 05:51:00,5.0
649,user649@example.com,2024-08-08 20:26:00,2024-08-08 21:00:00,,2024-08-08 21:19:00,21.0
650,user650@example.com,2025-01-30 21:16:00,,,,12.0
651,user651@example.com,2024-02-23 21:21:00,2024-02-23 22:33:00,2024-02-23 22:49:00,2024-02-23 22:44:00,22.0
652,user652@example.com,2024-09-13 14:06:00,2024-09-13 15:37:00,2024-09-13 15:56:00,2024-09-13 15:47:00,15.0
653,user653@example.com,2024-06-24 00:33:00,2024-06-24 00:38:00,2024-06-24 00:45:00,2024-06-24 00:52:00,0.0
654,user654@example.com,2024-06-16 07:43:00,2024-06-16 08:08:00,2024-06-16 08:13:00,2024-06-16 08:27:00,8.0
655,user655@example.com,2024-03-19 22:46:00,2024-03-19 23:03:00,2024-03-19 23:33:00,2024-03-19 23:10:00,23.0
656,user656@example.com,2024-04-24 15:10:00,2024-04-24 15:17:00,,2024-04-24 15:30:00,15.0
657,user657@example.com,2024-09-09 12:16:00,2024-09-09 12:39:00,,,12.0
658,user658@example.com,2024-02-02 11:06:00,2024-02-02 13:02:00,2024-02-02 13:04:00,2024-02-02 13:03:00,13.0
659,user659@example.com,2024-10-17 12:40:00,2024-10-17 13:29:00,,2024-10-17 13:40:00,13.0
660,user660@example.com,2024-05-28 22:50:00,2024-05-28 23:57:00,2024-05-29 00:18:00,2024-05-29 00:20:00,7.666666666666667
661,user661@example.com,2025-01-19 10:07:00,2025-01-19 10:23:00,,2025-01-19 10:29:00,10.0
662,user662@example.com,2024-05-17 11:25:00,,,,12.0
663,user663@example.com,2024-06-22 11:11:00,2024-06-22 12:53:00,2024-06-22 13:23:00,2024-06-22 13:15:00,12.666666666666666
664,user664@example.com,2024-12-21 09:34:00,2024-12-21 09:47:00,,,9.0
665,user665@example.com,2024-09-10 13:57:00,2024-09-10 15:30:00,2024-09-10 15:51:00,2024-09-10 15:40:00,15.0
666,user666@example.com,2024-03-21 11:23:00,2024-03-21 11:49:00,,,11.0
667,user667@example.com,2024-01-09 01:51:00,,,,12.0
668,user668@example.com,2024-12-21 04:14:00,2024-12-21 04:34:00,,2024-12-21 04:53:00,4.0
669,user669@example.com,2024-03-08 10:48:00,,,,12.0
670,user670@example.com,2024-07-19 09:35:00,2024-07-19 10:05:00,,2024-07-19 10:16:00,10.0
671,user671@example.com,2024-01-24 13:39:00,2024-01-24 14:26:00,2024-01-24 14:29:00,2024-01-24 14:30:00,14.0
672,user672@example.com,2024-05-15 10:38:00,2024-05-15 11:12:00,2024-05-15 11:41:00,2024-05-15 11:15:00,11.0
673,user673@example.com,2024-09-21 02:33:00,2024-09-21 03:54:00,2024-09-21 04:04:00,2024-09-21 04:03:00,3.6666666666666665
674,user674@example.com,2024-01-30 02:19:00,2024-01-30 03:56:00,2024-01-30 04:26:00,2024-01-30 03:59:00,3.3333333333333335
675,user675@example.com,2025-01-13 08:15:00,,,,12.0
676,user676@example.com,2024-06-25 12:17:00,2024-06-25 12:28:00,2024-06-25 12:30:00,2024-06-25 12:31:00,12.0
677,user677@example.com,2024-01-29 18:31:00,2024-01-29 18:50:00,,,18.0
678,user678@example.com,2024-10-30 05:47:00,2024-10-30 06:01:00,2024-10-30 06:22:00,2024-10-30 06:09:00,6.0
679,user679@example.com,2024-08-18 09:46:00,2024-08-18 10:48:00,2024-08-18 11:06:00,2024-08-18 11:17:00,10.666666666666666
680,user680@example.com,2024-06-27 00:53:00,,,,12.0
681,user681@example.com,2024-10-08 19:36:00,2024-10-08 20:10:00,,2024-10-08 20:29:00,20.0
682,user682@example.com,2024-10-10 17:16:00,,,,12.0
683,user683@example.com,2024-08-01 12:01:00,,,,12.0
684,user684@example.com,2024-11-11 19:09:00,2024-11-11 19:58:00,2024-11-11 20:27:00,2024-11-11 20:15:00,19.666666666666668
685,user685@example.com,2024-07-31 11:37:00,2024-07-31 12:25:00,,,12.0
686,user686@example.com,2025-01-10 00:43:00,2025-01-10 01:56:00,,2025-01-10 02:19:00,1.5
687,user687@example.com,2024-09-02 18:48:00,2024-09-02 20:39:00,2024-09-02 20:43:00,2024-09-02 21:05:00,20.333333333333332
688,user688@example.com,2024-02-11 05:32:00,,,,12.0
689,user689@example.com,2024-06-18 12:08:00,2024-06-18 13:23:00,,2024-06-18 13:50:00,13.0
690,user690@example.com,2025-01-07 18:56:00,2025-01-07 20:00:00,2025-01-07 20:28:00,,20.0
691,user691@example.com,2024-05-07 16:26:00,,,,12.0
692,user692@example.com,2024-04-08 13:46:00,2024-04-08 14:36:00,2024-04-08 14:40:00,2024-04-08 14:38:00,14.0
693,user693@example.com,2025-01-04 02:46:00,,,,12.0
694,user694@example.com,2024-01-16 11:25:00,2024-01-16 11:34:00,,,11.0
695,user695@example.com,2024-05-18 09:24:00,2024-05-18 09:38:00,,2024-05-18 10:01:00,9.5
696,user696@example.com,2024-10-10 11:13:00,,,,12.0
697,user697@example.com,2024-06-01 16:43:00,,,,12.0
698,user698@example.com,2024-01-25 01:28:00,2024-01-25 01:45:00,,2024-01-25 01:50:00,1.0
699,user699@example.com,2025-02-23 18:30:00,2025-02-23 18:36:00,2025-02-23 19:03:00,2025-02-23 18:45:00,18.333333333333332
700,user700@example.com,2025-02-12 15:14:00,2025-02-12 16:37:00,,2025-02-12 16:45:00,16.0
701,user701@example.com,2024-11-24 22:27:00,2024-11-24 23:36:00,2024-11-24 23:59:00,2024-11-24 23:42:00,23.0
702,user702@example.com,2024-09-23 15:13:00,,,,12.0
703,user703@example.com,2024-10-18 11:20:00,2024-10-18 13:02:00,,2024-10-18 13:27:00,13.0
704,user704@example.com,2024-05-07 16:57:00,2024-05-07 18:38:00,,2024-05-07 19:00:00,18.5
705,user705@example.com,2025-02-17 00:21:00,2025-02-17 00:43:00,,,0.0
706,user706@example.com,2024-08-05 05:41:00,2024-08-05 06:25:00,2024-08-05 06:38:00,2024-08-05 06:55:00,6.0
707,user707@example.com,2024-09-03 00:50:00,2024-09-03 01:50:00,2024-09-03 01:52:00,2024-09-03 01:59:00,1.0
708,user708@example.com,2024-06-12 12:39:00,2024-06-12 13:30:00,,2024-06-12 13:36:00,13.0
709,user709@example.com,2024-09-21 21:23:00,2024-09-21 23:06:00,,2024-09-21 23:10:00,23.0
710,user710@example.com,2024-10-04 21:20:00,2024-10-04 22:26:00,,,22.0
711,user711@example.com,2024-03-22 15:33:00,2024-03-22 16:01:00,2024-03-22 16:13:00,2024-03-22 16:13:00,16.0
712,user712@example.com,2025-02-16 09:02:00,,,,12.0
713,user713@example.com,2024-06-10 04:13:00,2024-06-10 05:32:00,,2024-06-10 05:48:00,5.0
714,user714@example.com,2024-09-04 20:59:00,,,,12.0
715,user715@example.com,2024-01-15 06:59:00,2024-01-15 08:30:00,,,8.0
716,user716@example.com,2024-04-18 11:42:00,2024-04-18 12:38:00,2024-04-18 12:39:00,2024-04-18 12:44:00,12.0
717,user717@example.com,2024-09-15 19:14:00,2024-09-15 19:25:00,,2024-09-15 19:31:00,19.0
718,user718@example.com,2024-01-21 19:55:00,,,,12.0
719,user719@example.com,2024-05-17 16:47:00,,,,12.0
720,user720@example.com,2024-07-22 10:30:00,2024-07-22 10:49:00,2024-07-22 11:10:00,2024-07-22 11:07:00,10.666666666666666
721,user721@example.com,2024-01-27 13:59:00,,,,12.0
722,user722@example.com,2024-02-19 20:06:00,2024-02-19 21:36:00,2024-02-19 21:57:00,,21.0
723,user723@example.com,2024-02-13 02:29:00,2024-02-13 03:30:00,2024-02-13 03:47:00,2024-02-13 03:50:00,3.0
724,user724@example.com,2024-04-18 08:50:00,2024-04-18 09:37:00,2024-04-18 09:39:00,,9.0
725,user725@example.com,2024-12-28 17:46:00,2024-12-28 18:59:00,2024-12-28 19:14:00,2024-12-28 19:25:00,18.666666666666668
726,user726@example.com,2025-02-07 12:06:00,,,,12.0
727,user727@example.com,2024-06-12 09:35:00,2024-06-12 11:20:00,,2024-06-12 11:34:00,11.0
728,user728@example.com,2024-02-08 12:48:00,2024-02-08 13:20:00,,2024-02-08 13:23:00,13.0
729,user729@example.com,2024-07-13 07:27:00,2024-07-13 07:55:00,,2024-07-13 08:18:00,7.5
730,user730@example.com,2024-12-08 14:16:00,,,,12.0
731,user731@example.com,2024-01-22 21:55:00,2024-01-22 22:43:00,2024-01-22 22:56:00,2024-01-22 23:12:00,22.333333333333332
732,user732@example.com,2024-03-13 01:49:00,2024-03-13 03:32:00,2024-03-13 03:51:00,,3.0
733,user733@example.com,2025-02-13 18:34:00,2025-02-13 20:24:00,2025-02-13 20:49:00,2025-02-13 20:53:00,20.0
734,user734@example.com,2024-06-07 05:36:00,2024-06-07 06:11:00,,2024-06-07 06:20:00,6.0
735,user735@example.com,2025-01-07 21:51:00,2025-01-07 23:35:00,2025-01-08 00:05:00,,11.5
736,user736@example.com,2024-04-03 19:50:00,2024-04-03 20:51:00,2024-04-03 21:16:00,2024-04-03 21:19:00,20.666666666666668
737,user737@example.com,2024-01-19 13:51:00,2024-01-19 15:02:00,,2024-01-19 15:12:00,15.0
738,user738@example.com,2025-02-04 09:39:00,,,,12.0
739,user739@example.com,2024-04-08 20:24:00,2024-04-08 20:39:00,2024-04-08 20:44:00,2024-04-08 20:56:00,20.0
740,user740@example.com,2024-08-19 21:53:00,2024-08-19 23:27:00,2024-08-19 23:49:00,,23.0
741,user741@example.com,2024-12-08 11:08:00,2024-12-08 12:28:00,2024-12-08 12:51:00,2024-12-08 12:53:00,12.0
742,user742@example.com,2025-02-21 04:08:00,2025-02-21 04:22:00,2025-02-21 04:39:00,,4.0
743,user743@example.com,2024-02-14 17:55:00,2024-02-14 18:52:00,,,18.0
744,user744@example.com,2024-04-19 01:38:00,,,,12.0
745,user745@example.com,2024-05-28 14:39:00,2024-05-28 15:41:00,,,15.0
746,user746@example.com,2025-01-05 03:13:00,2025-01-05 03:54:00,,2025-01-05 04:17:00,3.5
747,user747@example.com,2025-02-06 13:40:00,2025-02-06 15:13:00,2025-02-06 15:31:00,2025-02-06 15:21:00,15.0
748,user748@example.com,2024-09-15 21:12:00,2024-09-15 22:32:00,2024-09-15 22:36:00,,22.0
749,user749@example.com,2024-12-14 08:53:00,2024-12-14 09:24:00,2024-12-14 09:26:00,,9.0
750,user750@example.com,2024-09-04 19:59:00,,,,12.0
751,user751@example.com,2024-12-24 07:25:00,2024-12-24 08:51:00,2024-12-24 08:57:00,2024-12-24 09:02:00,8.333333333333334
752,user752@example.com,2024-03-14 10:00:00,2024-03-14 11:26:00,2024-03-14 11:43:00,2024-03-14 11:46:00,11.0
753,user753@example.com,2024-07-27 02:48:00,,,,12.0
754,user754@example.com,2024-10-13 23:41:00,,,,12.0
755,user755@example.com,2025-01-01 15:43:00,,,,12.0
756,user756@example.com,2024-11-24 19:57:00,,,,12.0
757,user757@example.com,2024-04-05 09:10:00,2024-04-05 10:30:00,2024-04-05 10:52:00,2024-04-05 10:59:00,10.0
758,user758@example.com,2024-01-08 13:37:00,2024-01-08 15:28:00,2024-01-08 15:48:00,2024-01-08 15:54:00,15.0
759,user759@example.com,2024-04-30 04:30:00,2024-04-30 05:17:00,,,5.0
760,user760@example.com,2024-02-22 08:42:00,2024-02-22 08:52:00,,2024-02-22 08:57:00,8.0
761,user761@example.com,2024-06-27 19:01:00,2024-06-27 21:00:00,2024-06-27 21:17:00,2024-06-27 21:27:00,21.0
762,user762@example.com,2024-08-11 23:26:00,,,,12.0
763,user763@example.com,2024-04-21 17:38:00,2024-04-21 19:07:00,,2024-04-21 19:08:00,19.0
764,user764@example.com,2024-12-24 17:36:00,2024-12-24 18:41:00,2024-12-24 19:06:00,2024-12-24 19:09:00,18.666666666666668
765,user765@example.com,2024-05-11 12:01:00,2024-05-11 13:18:00,,2024-05-11 13:28:00,13.0
766,user766@example.com,2024-07-13 05:39:00,2024-07-13 07:13:00,2024-07-13 07:29:00,2024-07-13 07:38:00,7.0
767,user767@example.com,2024-02-19 02:50:00,2024-02-19 03:31:00,2024-02-19 04:00:00,2024-02-19 03:55:00,3.3333333333333335
768,user768@example.com,2025-02-02 15:00:00,2025-02-02 15:06:00,,2025-02-02 15:20:00,15.0
769,user769@example.com,2024-07-15 18:49:00,2024-07-15 20:35:00,2024-07-15 20:36:00,2024-07-15 20:52:00,20.0
770,user770@example.com,2025-02-11 01:58:00,,,,12.0
771,user771@example.com,2024-12-21 14:49:00,2024-12-21 15:18:00,,2024-12-21 15:22:00,15.0
772,user772@example.com,2024-08-21 08:52:00,2024-08-21 09:21:00,2024-08-21 09:40:00,2024-08-21 09:37:00,9.0
773,user773@example.com,2024-12-05 23:24:00,2024-12-06 00:58:00,,2024-12-06 01:00:00,0.5
774,user774@example.com,2024-06-20 16:01:00,2024-06-20 17:42:00,,2024-06-20 18:02:00,17.5
775,user775@example.com,2024-10-08 12:09:00,2024-10-08 12:39:00,,,12.0
776,user776@example.com,2024-01-02 02:47:00,2024-01-02 03:57:00,,2024-01-02 04:06:00,3.5
777,user777@example.com,2024-04-21 22:52:00,2024-04-22 00:28:00,,2024-04-22 00:38:00,0.0
778,user778@example.com,2024-07-08 02:18:00,2024-07-08 02:40:00,,2024-07-08 02:44:00,2.0
779,user779@example.com,2025-01-13 03:11:00,2025-01-13 05:09:00,,,5.0
780,user780@example.com,2024-01-23 05:31:00,2024-01-23 05:34:00,,2024-01-23 05:52:00,5.0
781,user781@example.com,2024-08-26 04:54:00,2024-08-26 06:33:00,2024-08-26 06:52:00,2024-08-26 06:59:00,6.0
782,user782@example.com,2024-07-11 16:28:00,2024-07-11 18:03:00,,2024-07-11 18:30:00,18.0
783,user783@example.com,2024-05-29 11:58:00,2024-05-29 12:50:00,,2024-05-29 13:08:00,12.5
784,user784@example.com,2024-12-03 06:02:00,2024-12-03 06:51:00,2024-12-03 07:14:00,2024-12-03 07:14:00,6.666666666666667
785,user785@example.com,2024-03-24 16:11:00,2024-03-24 17:18:00,2024-03-24 17:46:00,2024-03-24 17:45:00,17.0
786,user786@example.com,2024-12-09 21:55:00,2024-12-09 22:04:00,,,22.0
787,user787@example.com,2025-02-16 07:59:00,2025-02-16 08:07:00,2025-02-16 08:35:00,2025-02-16 08:28:00,8.0
788,user788@example.com,2025-02-05 01:56:00,2025-02-05 03:01:00,,2025-02-05 03:24:00,3.0
789,user789@example.com,2024-11-15 14:03:00,2024-11-15 14:22:00,,2024-11-15 14:44:00,14.0
790,user790@example.com,2024-02-22 06:32:00,2024-02-22 07:53:00,,2024-02-22 08:18:00,7.5
791,user791@example.com,2024-09-13 17:30:00,2024-09-13 19:02:00,2024-09-13 19:26:00,2024-09-13 19:09:00,19.0
792,user792@example.com,2024-06-20 21:10:00,2024-06-20 21:31:00,2024-06-20 21:47:00,,21.0
793,user793@example.com,2025-01-16 15:59:00,,,,12.0
794,user794@example.com,2024-02-02 22:54:00,2024-02-03 00:33:00,2024-02-03 00:43:00,2024-02-03 00:53:00,0.0
795,user795@example.com,2024-05-18 19:31:00,,,,12.0
796,user796@example.com,2024-01-16 14:51:00,2024-01-16 16:43:00,2024-01-16 17:13:00,2024-01-16 16:44:00,16.333333333333332
797,user797@example.com,2024-05-27 09:10:00,2024-05-27 10:55:00,2024-05-27 11:21:00,2024-05-27 11:25:00,10.666666666666666
798,user798@example.com,2024-02-13 12:22:00,2024-02-13 13:51:00,,,13.0
799,user799@example.com,2025-01-22 06:51:00,2025-01-22 07:08:00,,,7.0
800,user800@example.com,2024-05-19 09:41:00,,,,12.0
801,user801@example.com,2024-04-25 14:27:00,2024-04-25 14:43:00,2024-04-25 14:48:00,,14.0
802,user802@example.com,2024-09-24 23:17:00,,,,12.0
803,user803@example.com,2024-12-13 10:13:00,2024-12-13 11:52:00,,2024-12-13 12:13:00,11.5
804,user804@example.com,2024-08-10 23:25:00,2024-08-11 00:39:00,2024-08-11 01:09:00,,0.5
805,user805@example.com,2024-04-22 20:55:00,2024-04-22 22:25:00,,,22.0
806,user806@example.com,2024-06-16 19:34:00,2024-06-16 19:35:00,,2024-06-16 19:36:00,19.0
807,user807@example.com,2024-08-26 02:05:00,2024-08-26 02:38:00,2024-08-26 02:44:00,,2.0
808,user808@example.com,2024-02-12 10:06:00,2024-02-12 12:05:00,,,12.0
809,user809@example.com,2024-03-01 05:06:00,2024-03-01 06:55:00,,,6.0
810,user810@example.com,2024-08-26 11:24:00,2024-08-26 11:48:00,,,11.0
811,user811@example.com,2024-06-13 07:48:00,2024-06-13 09:48:00,,2024-06-13 10:03:00,9.5
812,user812@example.com,2025-02-12 02:04:00,,,,12.0
813,user813@example.com,2024-08-09 05:23:00,2024-08-09 06:06:00,,,6.0
814,user814@example.com,2024-03-22 23:11:00,,,,12.0
815,user815@example.com,2024-10-23 19:11:00,,,,12.0
816,user816@example.com,2024-08-16 01:41:00,2024-08-16 02:44:00,,2024-08-16 02:59:00,2.0
817,user817@example.com,2025-01-09 20:09:00,2025-01-09 21:20:00,,,21.0
818,user818@example.com,2024-05-12 23:52:00,,,,12.0
819,user819@example.com,2024-05-20 04:51:00,2024-05-20 06:25:00,,,6.0
820,user820@example.com,2024-11-23 20:43:00,2024-11-23 21:32:00,,,21.0
821,user821@example.com,2024-01-06 16:19:00,2024-01-06 17:20:00,2024-01-06 17:36:00,,17.0
822,user822@example.com,2024-11-02 22:31:00,2024-11-02 22:32:00,,2024-11-02 23:02:00,22.5
823,user823@example.com,2024-03-28 08:12:00,,,,12.0
824,user824@example.com,2024-08-07 06:53:00,,,,12.0
825,user825@example.com,2024-09-06 04:27:00,2024-09-06 04:28:00,2024-09-06 04:52:00,2024-09-06 04:32:00,4.0
826,user826@example.com,2024-03-16 22:58:00,2024-03-17 00:53:00,,2024-03-17 01:01:00,0.5
827,user827@example.com,2024-07-13 22:58:00,2024-07-13 23:28:00,2024-07-13 23:57:00,2024-07-13 23:50:00,23.0
828,user828@example.com,2024-02-16 03:08:00,2024-02-16 04:58:00,,2024-02-16 05:07:00,4.5
829,user829@example.com,2024-11-22 09:47:00,,,,12.0
830,user830@example.com,2024-06-30 10:23:00,2024-06-30 10:30:00,,2024-06-30 10:51:00,10.0
831,user831@example.com,2024-09-12 11:21:00,2024-09-12 13:15:00,2024-09-12 13:18:00,2024-09-12 13:23:00,13.0
832,user832@example.com,2024-08-20 02:44:00,2024-08-20 04:17:00,,,4.0
833,user833@example.com,2024-07-26 23:41:00,2024-07-27 01:25:00,,,1.0
834,user834@example.com,2024-10-28 20:35:00,,,,12.0
835,user835@example.com,2024-08-30 23:46:00,2024-08-31 00:52:00,2024-08-31 01:12:00,2024-08-31 00:58:00,0.3333333333333333
836,user836@example.com,2024-06-01 03:03:00,2024-06-01 04:23:00,2024-06-01 04:24:00,,4.0
837,user837@example.com,2024-05-20 10:28:00,2024-05-20 11:11:00,,2024-05-20 11:17:00,11.0
838,user838@example.com,2024-12-23 19:29:00,2024-12-23 20:57:00,2024-12-23 21:23:00,,20.5
839,user839@example.com,2024-02-23 05:13:00,2024-02-23 06:00:00,,,6.0
840,user840@example.com,2024-04-23 03:00:00,2024-04-23 04:24:00,,,4.0
841,user841@example.com,2024-03-22 14:40:00,2024-03-22 15:20:00,2024-03-22 15:38:00,2024-03-22 15:44:00,15.0
842,user842@example.com,2024-05-31 06:39:00,2024-05-31 06:40:00,,2024-05-31 07:05:00,6.5
843,user843@example.com,2024-12-17 14:32:00,2024-12-17 14:43:00,,2024-12-17 14:57:00,14.0
844,user844@example.com,2024-05-20 11:25:00,2024-05-20 12:09:00,2024-05-20 12:11:00,2024-05-20 12:35:00,12.0
845,user845@example.com,2024-01-20 05:48:00,2024-01-20 07:24:00,,2024-01-20 07:54:00,7.0
846,user846@example.com,2024-01-12 19:22:00,2024-01-12 20:47:00,2024-01-12 20:52:00,,20.0
847,user847@example.com,2025-01-27 12:27:00,2025-01-27 12:44:00,,2025-01-27 13:14:00,12.5
848,user848@example.com,2024-08-23 15:58:00,2024-08-23 17:27:00,,,17.0
849,user849@example.com,2024-11-03 23:50:00,2024-11-04 01:23:00,2024-11-04 01:40:00,2024-11-04 01:41:00,1.0
850,user850@example.com,2024-05-16 05:21:00,2024-05-16 05:38:00,2024-05-16 05:41:00,,5.0
851,user851@example.com,2024-03-11 18:52:00,2024-03-11 19:41:00,2024-03-11 20:03:00,,19.5
852,user852@example.com,2024-03-20 21:20:00,2024-03-20 21:38:00,2024-03-20 22:02:00,2024-03-20 22:02:00,21.666666666666668
853,user853@example.com,2024-03-11 02:16:00,,,,12.0
854,user854@example.com,2024-08-08 15:25:00,2024-08-08 17:05:00,,2024-08-08 17:34:00,17.0
855,user855@example.com,2024-03-02 05:22:00,2024-03-02 05:31:00,2024-03-02 05:50:00,,5.0
856,user856@example.com,2024-08-24 08:47:00,2024-08-24 09:13:00,,2024-08-24 09:36:00,9.0
857,user857@example.com,2024-11-24 02:42:00,2024-11-24 04:00:00,2024-11-24 04:23:00,,4.0
858,user858@example.com,2024-02-23 06:48:00,2024-02-23 07:52:00,2024-02-23 07:54:00,,7.0
859,user859@example.com,2025-01-28 08:13:00,2025-01-28 08:50:00,,2025-01-28 08:51:00,8.0
860,user860@example.com,2024-12-04 12:34:00,,,,12.0
861,user861@example.com,2025-01-09 11:54:00,2025-01-09 13:07:00,,2025-01-09 13:11:00,13.0
862,user862@example.com,2024-08-05 16:32:00,2024-08-05 16:41:00,2024-08-05 16:57:00,2024-08-05 17:01:00,16.333333333333332
863,user863@example.com,2024-08-30 14:46:00,2024-08-30 15:45:00,,,15.0
864,user864@example.com,2025-02-08 11:22:00,2025-02-08 11:59:00,,2025-02-08 12:22:00,11.5
865,user865@example.com,2024-08-12 22:58:00,2024-08-12 23:50:00,,2024-08-13 00:10:00,11.5
866,user866@example.com,2025-01-21 12:04:00,,,,12.0
867,user867@example.com,2024-01-16 03:39:00,2024-01-16 04:59:00,2024-01-16 05:28:00,2024-01-16 05:01:00,4.666666666666667
868,user868@example.com,2024-06-17 19:12:00,2024-06-17 20:13:00,,2024-06-17 20:27:00,20.0
869,user869@example.com,2024-08-15 05:17:00,2024-08-15 07:03:00,,2024-08-15 07:20:00,7.0
870,user870@example.com,2024-05-23 12:14:00,,,,12.0
871,user871@example.com,2024-03-19 06:56:00,2024-03-19 08:20:00,,2024-03-19 08:47:00,8.0
872,user872@example.com,2024-07-21 06:50:00,2024-07-21 08:13:00,,2024-07-21 08:26:00,8.0
873,user873@example.com,2024-11-18 21:17:00,2024-11-18 22:36:00,2024-11-18 22:41:00,2024-11-18 23:00:00,22.333333333333332
874,user874@example.com,2024-07-08 14:36:00,2024-07-08 14:57:00,2024-07-08 15:16:00,2024-07-08 15:26:00,14.666666666666666
875,user875@example.com,2024-07-21 13:46:00,2024-07-21 14:57:00,2024-07-21 15:09:00,2024-07-21 15:13:00,14.666666666666666
876,user876@example.com,2024-03-13 13:22:00,2024-03-13 15:02:00,2024-03-13 15:03:00,2024-03-13 15:07:00,15.0
877,user877@example.com,2024-01-26 13:28:00,2024-01-26 13:55:00,2024-01-26 14:20:00,2024-01-26 14:18:00,13.666666666666666
878,user878@example.com,2024-01-03 02:58:00,2024-01-03 04:14:00,,,4.0
879,user879@example.com,2024-12-28 09:30:00,2024-12-28 11:25:00,2024-12-28 11:50:00,2024-12-28 11:35:00,11.0
880,user880@example.com,2024-06-16 21:29:00,2024-06-16 21:44:00,,2024-06-16 22:11:00,21.5
881,user881@example.com,2024-04-10 07:18:00,2024-04-10 09:01:00,2024-04-10 09:13:00,2024-04-10 09:10:00,9.0
882,user882@example.com,2024-10-20 12:31:00,2024-10-20 13:15:00,,2024-10-20 13:30:00,13.0
883,user883@example.com,2024-05-26 08:48:00,2024-05-26 09:54:00,,,9.0
884,user884@example.com,2024-05-27 20:22:00,2024-05-27 22:06:00,,2024-05-27 22:27:00,22.0
885,user885@example.com,2024-03-10 16:32:00,2024-03-10 17:59:00,,,17.0
886,user886@example.com,2024-08-23 17:28:00,2024-08-23 17:34:00,,2024-08-23 18:00:00,17.5
887,user887@example.com,2025-01-11 14:39:00,2025-01-11 14:52:00,,,14.0
888,user888@example.com,2024-01-17 12:47:00,2024-01-17 14:01:00,2024-01-17 14:11:00,2024-01-17 14:04:00,14.0
889,user889@example.com,2024-03-12 15:03:00,2024-03-12 16:59:00,2024-03-12 17:26:00,2024-03-12 17:08:00,16.666666666666668
890,user890@example.com,2024-10-15 11:17:00,2024-10-15 12:00:00,,,12.0
891,user891@example.com,2025-02-04 06:16:00,2025-02-04 07:59:00,,2025-02-04 08:06:00,7.5
892,user892@example.com,2025-02-15 01:40:00,2025-02-15 02:57:00,,2025-02-15 03:25:00,2.5
893,user893@example.com,2025-02-02 04:32:00,2025-02-02 06:27:00,2025-02-02 06:51:00,2025-02-02 06:49:00,6.0
894,user894@example.com,2024-06-03 10:46:00,2024-06-03 11:29:00,2024-06-03 11:49:00,2024-06-03 11:38:00,11.0
895,user895@example.com,2025-02-25 21:56:00,2025-02-25 23:14:00,,2025-02-25 23:33:00,23.0
896,user896@example.com,2024-11-22 01:19:00,2024-11-22 01:54:00,2024-11-22 02:03:00,,1.5
897,user897@example.com,2025-02-18 23:56:00,2025-02-19 00:52:00,,2025-02-19 01:07:00,0.5
898,user898@example.com,2024-12-08 22:06:00,2024-12-08 23:47:00,2024-12-09 00:04:00,,11.5
899,user899@example.com,2024-05-27 11:23:00,2024-05-27 12:05:00,2024-05-27 12:32:00,2024-05-27 12:15:00,12.0
900,user900@example.com,2024-03-31 23:21:00,2024-04-01 00:45:00,,2024-04-01 01:06:00,0.5
901,user901@example.com,2025-02-23 08:31:00,2025-02-23 10:14:00,,2025-02-23 10:16:00,10.0
902,user902@example.com,2024-09-27 23:50:00,2024-09-28 01:00:00,2024-09-28 01:10:00,2024-09-28 01:06:00,1.0
903,user903@example.com,2024-12-28 12:20:00,,,,12.0
904,user904@example.com,2025-01-03 09:17:00,,,,12.0
905,user905@example.com,2024-02-25 10:16:00,2024-02-25 10:46:00,,2024-02-25 10:53:00,10.0
906,user906@example.com,2024-10-10 17:17:00,2024-10-10 18:06:00,,2024-10-10 18:31:00,18.0
907,user907@example.com,2024-06-24 22:16:00,2024-06-24 23:27:00,2024-06-24 23:53:00,2024-06-24 23:48:00,23.0
908,user908@example.com,2024-07-31 03:13:00,,,,12.0
909,user909@example.com,2024-03-14 06:24:00,2024-03-14 08:02:00,2024-03-14 08:23:00,2024-03-14 08:09:00,8.0
910,user910@example.com,2024-07-13 08:35:00,,,,12.0
911,user911@example.com,2024-01-04 23:20:00,2024-01-04 23:31:00,2024-01-04 23:41:00,2024-01-04 23:47:00,23.0
912,user912@example.com,2024-06-28 16:11:00,,,,12.0
913,user913@example.com,2024-09-18 15:50:00,,,,12.0
914,user914@example.com,2024-02-15 08:23:00,2024-02-15 09:12:00,,,9.0
915,user915@example.com,2024-06-22 19:49:00,2024-06-22 19:51:00,2024-06-22 19:59:00,2024-06-22 20:19:00,19.333333333333332
916,user916@example.com,2024-04-20 00:04:00,2024-04-20 01:32:00,,,1.0
917,user917@example.com,2024-04-10 05:03:00,,,,12.0
918,user918@example.com,2024-05-29 08:27:00,2024-05-29 09:34:00,2024-05-29 10:03:00,,9.5
919,user919@example.com,2024-05-09 18:42:00,2024-05-09 19:37:00,2024-05-09 20:04:00,,19.5
920,user920@example.com,2024-04-14 23:51:00,,,,12.0
921,user921@example.com,2024-02-12 05:17:00,2024-02-12 06:33:00,2024-02-12 06:42:00,,6.0
922,user922@example.com,2025-01-26 11:22:00,2025-01-26 12:19:00,,2025-01-26 12:39:00,12.0
923,user923@example.com,2025-01-25 01:59:00,,,,12.0
924,user924@example.com,2024-07-13 15:43:00,2024-07-13 16:02:00,2024-07-13 16:29:00,,16.0
925,user925@example.com,2024-04-15 22:10:00,2024-04-15 22:54:00,2024-04-15 23:03:00,2024-04-15 23:03:00,22.666666666666668
926,user926@example.com,2025-02-23 13:01:00,2025-02-23 14:12:00,2025-02-23 14:31:00,2025-02-23 14:39:00,14.0
927,user927@example.com,2024-11-29 08:43:00,2024-11-29 08:51:00,,2024-11-29 09:19:00,8.5
928,user928@example.com,2024-06-14 21:25:00,2024-06-14 23:06:00,2024-06-14 23:17:00,2024-06-14 23:23:00,23.0
929,user929@example.com,2024-10-05 09:52:00,2024-10-05 10:55:00,2024-10-05 10:58:00,2024-10-05 11:23:00,10.333333333333334
930,user930@example.com,2024-10-27 09:50:00,2024-10-27 10:40:00,2024-10-27 10:54:00,2024-10-27 10:52:00,10.0
931,user931@example.com,2024-09-08 06:39:00,2024-09-08 08:18:00,,2024-09-08 08:46:00,8.0
932,user932@example.com,2024-09-06 10:36:00,2024-09-06 12:36:00,2024-09-06 12:53:00,2024-09-06 12:37:00,12.0
933,user933@example.com,2024-07-04 04:40:00,,,,12.0
934,user934@example.com,2024-12-20 14:29:00,2024-12-20 15:51:00,2024-12-20 15:55:00,2024-12-20 16:21:00,15.333333333333334
935,user935@example.com,2024-02-07 15:38:00,2024-02-07 15:39:00,2024-02-07 15:51:00,2024-02-07 15:44:00,15.0
936,user936@example.com,2024-04-27 05:50:00,2024-04-27 06:46:00,,,6.0
937,user937@example.com,2024-02-03 09:00:00,2024-02-03 09:15:00,,2024-02-03 09:41:00,9.0
938,user938@example.com,2024-02-10 13:02:00,2024-02-10 13:29:00,2024-02-10 13:59:00,2024-02-10 13:49:00,13.0
939,user939@example.com,2024-12-27 14:32:00,2024-12-27 15:19:00,,2024-12-27 15:28:00,15.0
940,user940@example.com,2024-03-19 02:54:00,2024-03-19 03:34:00,,2024-03-19 03:49:00,3.0
941,user941@example.com,2024-12-27 22:54:00,2024-12-28 00:07:00,,,0.0
942,user942@example.com,2024-06-02 08:16:00,2024-06-02 08:42:00,,2024-06-02 08:58:00,8.0
943,user943@example.com,2024-08-26 02:02:00,2024-08-26 02:25:00,,2024-08-26 02:55:00,2.0
944,user944@example.com,2024-08-03 06:11:00,2024-08-03 06:56:00,,,6.0
945,user945@example.com,2024-07-03 11:09:00,2024-07-03 11:59:00,2024-07-03 12:21:00,,11.5
946,user946@example.com,2024-06-10 10:05:00,2024-06-10 11:32:00,,,11.0
947,user947@example.com,2025-02-21 14:19:00,2025-02-21 15:01:00,2025-02-21 15:22:00,,15.0
948,user948@example.com,2025-01-26 07:12:00,2025-01-26 08:13:00,2025-01-26 08:18:00,,8.0
949,user949@example.com,2024-02-09 15:03:00,2024-02-09 16:40:00,2024-02-09 17:00:00,2024-02-09 17:02:00,16.666666666666668
950,user950@example.com,2024-01-24 18:07:00,2024-01-24 19:01:00,2024-01-24 19:09:00,2024-01-24 19:23:00,19.0
951,user951@example.com,2024-02-09 04:30:00,2024-02-09 05:05:00,,2024-02-09 05:13:00,5.0
952,user952@example.com,2024-04-10 21:37:00,2024-04-10 22:04:00,,2024-04-10 22:34:00,22.0
953,user953@example.com,2024-08-12 01:27:00,2024-08-12 02:51:00,2024-08-12 02:55:00,2024-08-12 02:52:00,2.0
954,user954@example.com,2024-07-09 20:35:00,2024-07-09 21:33:00,2024-07-09 21:43:00,2024-07-09 21:47:00,21.0
955,user955@example.com,2024-07-30 01:45:00,2024-07-30 03:44:00,,,3.0
956,user956@example.com,2024-12-30 17:31:00,2024-12-30 18:24:00,2024-12-30 18:36:00,,18.0
957,user957@example.com,2024-01-24 17:23:00,,,,12.0
958,user958@example.com,2024-03-24 05:50:00,,,,12.0
959,user959@example.com,2024-04-25 07:12:00,2024-04-25 08:22:00,2024-04-25 08:30:00,,8.0
960,user960@example.com,2024-05-22 17:05:00,2024-05-22 18:34:00,,2024-05-22 18:47:00,18.0
961,user961@example.com,2024-06-27 03:15:00,2024-06-27 04:03:00,2024-06-27 04:26:00,2024-06-27 04:33:00,4.0
962,user962@example.com,2024-12-23 03:50:00,2024-12-23 04:21:00,,2024-12-23 04:22:00,4.0
963,user963@example.com,2025-01-12 13:12:00,2025-01-12 15:09:00,,2025-01-12 15:27:00,15.0
964,user964@example.com,2024-05-27 10:49:00,2024-05-27 11:47:00,2024-05-27 12:05:00,,11.5
965,user965@example.com,2024-09-27 17:58:00,2024-09-27 19:13:00,2024-09-27 19:15:00,2024-09-27 19:16:00,19.0
966,user966@example.com,2024-08-31 16:41:00,,,,12.0
967,user967@example.com,2024-07-04 06:06:00,,,,12.0
968,user968@example.com,2024-06-21 20:28:00,,,,12.0
969,user969@example.com,2024-03-14 11:20:00,2024-03-14 13:07:00,2024-03-14 13:10:00,2024-03-14 13:34:00,13.0
970,user970@example.com,2024-06-03 08:03:00,,,,12.0
971,user971@example.com,2024-08-19 18:26:00,2024-08-19 19:54:00,2024-08-19 19:56:00,2024-08-19 20:23:00,19.333333333333332
972,user972@example.com,2024-04-22 18:44:00,2024-04-22 20:22:00,,2024-04-22 20:44:00,20.0
973,user973@example.com,2024-10-30 18:56:00,2024-10-30 19:39:00,,,19.0
974,user974@example.com,2024-12-25 13:01:00,2024-12-25 13:46:00,,,13.0
975,user975@example.com,2024-04-12 22:44:00,2024-04-12 23:19:00,2024-04-12 23:39:00,,23.0
976,user976@example.com,2024-07-07 04:15:00,2024-07-07 04:44:00,,2024-07-07 05:03:00,4.5
977,user977@example.com,2024-07-25 03:29:00,2024-07-25 03:53:00,,,3.0
978,user978@example.com,2024-10-04 05:16:00,2024-10-04 05:17:00,,,5.0
979,user979@example.com,2024-03-28 12:29:00,,,,12.0
980,user980@example.com,2024-06-20 08:51:00,2024-06-20 10:04:00,2024-06-20 10:32:00,2024-06-20 10:32:00,10.0
981,user981@example.com,2024-05-25 11:57:00,,,,12.0
982,user982@example.com,2024-02-07 02:44:00,2024-02-07 04:35:00,2024-02-07 05:03:00,2024-02-07 05:04:00,4.666666666666667
983,user983@example.com,2025-02-17 21:46:00,2025-02-17 21:54:00,,2025-02-17 22:19:00,21.5
984,user984@example.com,2025-01-23 22:33:00,2025-01-23 23:00:00,,2025-01-23 23:24:00,23.0
985,user985@example.com,2024-02-15 03:25:00,,,,12.0
986,user986@example.com,2024-12-20 23:03:00,2024-12-21 00:03:00,2024-12-21 00:25:00,2024-12-21 00:06:00,0.0
987,user987@example.com,2024-01-21 09:30:00,2024-01-21 10:57:00,2024-01-21 11:07:00,,10.5
988,user988@example.com,2025-01-10 09:59:00,2025-01-10 10:51:00,2025-01-10 10:58:00,,10.0
989,user989@example.com,2024-11-27 10:22:00,2024-11-27 11:36:00,2024-11-27 11:37:00,2024-11-27 11:49:00,11.0
990,user990@example.com,2024-12-13 11:29:00,2024-12-13 13:09:00,,,13.0
991,user991@example.com,2024-04-21 03:16:00,2024-04-21 05:02:00,2024-04-21 05:20:00,,5.0
992,user992@example.com,2025-02-23 16:09:00,,,,12.0
993,user993@example.com,2024-01-02 18:17:00,2024-01-02 18:36:00,,2024-01-02 19:00:00,18.5
994,user994@example.com,2024-01-29 07:21:00,2024-01-29 08:10:00,2024-01-29 08:40:00,2024-01-29 08:30:00,8.0
995,user995@example.com,2024-06-11 15:01:00,,,,12.0
996,user996@example.com,2024-05-08 11:37:00,2024-05-08 13:11:00,,2024-05-08 13:27:00,13.0
997,user997@example.com,2024-06-12 16:45:00,2024-06-12 17:47:00,2024-06-12 18:10:00,2024-06-12 17:56:00,17.333333333333332
998,user998@example.com,2024-12-13 06:30:00,2024-12-13 07:05:00,,,7.0
999,user999@example.com,2024-03-03 22:32:00,2024-03-03 23:13:00,2024-03-03 23:32:00,,23.0
1000,user1000@example.com,2024-07-18 11:34:00,2024-07-18 11:35:00,,2024-07-18 11:50:00,11.0
